﻿<?xml version="1.0" encoding="UTF-8"?>
<site generator-info-name="WebGrab+Plus/w MDB &amp; REX Postprocess -- version 1.54.6/0.01 -- Jan van Straaten" site="en.beinsports.net">
  <channels>
    <channel update="i" site="en.beinsports.net" site_id="logo-bein-sports-global.png" xmltv_id="logo-bein-sports-global">logo-bein-sports-global</channel>
    <channel update="i" site="en.beinsports.net" site_id="ikhbariya-arabe.png" xmltv_id="ikhbariya-arabe">ikhbariya-arabe</channel>
    <channel update="i" site="en.beinsports.net" site_id="1HD.png" xmltv_id="1HD">1HD</channel>
    <channel update="i" site="en.beinsports.net" site_id="2HD.png" xmltv_id="2HD">2HD</channel>
    <channel update="i" site="en.beinsports.net" site_id="3HD.png" xmltv_id="3HD">3HD</channel>
    <channel update="i" site="en.beinsports.net" site_id="4HD.png" xmltv_id="4HD">4HD</channel>
    <channel update="i" site="en.beinsports.net" site_id="5HD.png" xmltv_id="5HD">5HD</channel>
    <channel update="i" site="en.beinsports.net" site_id="6HD.png" xmltv_id="6HD">6HD</channel>
    <channel update="i" site="en.beinsports.net" site_id="7HD.png" xmltv_id="7HD">7HD</channel>
    <channel update="i" site="en.beinsports.net" site_id="8HD.png" xmltv_id="8HD">8HD</channel>
    <channel update="i" site="en.beinsports.net" site_id="9HD.png" xmltv_id="9HD">9HD</channel>
    <channel update="i" site="en.beinsports.net" site_id="10HD.png" xmltv_id="10HD">10HD</channel>
    <channel update="i" site="en.beinsports.net" site_id="11HD.png" xmltv_id="11HD">11HD</channel>
    <channel update="i" site="en.beinsports.net" site_id="12HD.png" xmltv_id="12HD">12HD</channel>
    <channel update="i" site="en.beinsports.net" site_id="15HD.png" xmltv_id="15HD">15HD</channel>
    <channel update="i" site="en.beinsports.net" site_id="16HD.png" xmltv_id="16HD">16HD</channel>
  </channels>
</site>