﻿<?xml version="1.0" encoding="UTF-8"?>
<site generator-info-name="WebGrab+Plus/w MDB &amp; REX Postprocess -- version 1.1.1/55.27 -- Jan van Straaten" site="mbc.net">
  <channels>
    <channel update="i" site="mbc.net" site_id="/en/mbc2.html" xmltv_id="MBC 2">MBC 2</channel>
    <channel update="i" site="mbc.net" site_id="/en/mbc4.html" xmltv_id="MBC 4">MBC 4</channel>
    <channel update="i" site="mbc.net" site_id="/en/mbc-max.html" xmltv_id="MBC MAX">MBC MAX</channel>
    <channel update="i" site="mbc.net" site_id="/en/mbc-action.html" xmltv_id="MBC ACTION">MBC ACTION</channel>
    <channel update="i" site="mbc.net" site_id="/en/mbc-bollywood.html" xmltv_id="MBC BOLLYWOOD">MBC BOLLYWOOD</channel>
    <channel update="i" site="mbc.net" site_id="/ar.html" xmltv_id="عربي">عربي</channel>
  </channels>
</site>