﻿<?xml version="1.0" encoding="UTF-8"?>
<site generator-info-name="WebGrab+Plus/w MDB &amp; REX Postprocess -- version V1.56.8 -- Jan van Straaten" site="horizon.tv">
  <channels>
    <channel update="i" site="horizon.tv.nl" site_id="24443942983" xmltv_id="NPO 1 HD">NPO 1 HD</channel>
    <channel update="i" site="horizon.tv.nl" site_id="24443942987" xmltv_id="NPO 2 HD">NPO 2 HD</channel>
    <channel update="i" site="horizon.tv.nl" site_id="672816167173" xmltv_id="NPO 3 HD">NPO 3 HD</channel>
    <channel update="i" site="horizon.tv.nl" site_id="24443943096" xmltv_id="RTL 4 HD">RTL 4 HD</channel>
    <channel update="i" site="horizon.tv.nl" site_id="24443943146" xmltv_id="RTL 5 HD">RTL 5 HD</channel>
    <channel update="i" site="horizon.tv.nl" site_id="24443943184" xmltv_id="SBS6 HD">SBS6 HD</channel>
    <channel update="i" site="horizon.tv.nl" site_id="24443943014" xmltv_id="RTL 7 HD">RTL 7 HD</channel>
    <channel update="i" site="horizon.tv.nl" site_id="24443943190" xmltv_id="Veronica HD / Disney XD">Veronica HD / Disney XD</channel>
    <channel update="i" site="horizon.tv.nl" site_id="24443943091" xmltv_id="Net5 HD">Net5 HD</channel>
    <channel update="i" site="horizon.tv.nl" site_id="24443943182" xmltv_id="RTL 8 HD">RTL 8 HD</channel>
    <channel update="i" site="horizon.tv.nl" site_id="120746535305" xmltv_id="FOX HD">FOX HD</channel>
    <channel update="i" site="horizon.tv.nl" site_id="660696615380" xmltv_id="RTL Z HD">RTL Z HD</channel>
    <channel update="i" site="horizon.tv.nl" site_id="123063846982" xmltv_id="Ziggo TV">Ziggo TV</channel>
    <channel update="i" site="horizon.tv.nl" site_id="675503655063" xmltv_id="Ziggo Sport HD">Ziggo Sport HD</channel>
    <channel update="i" site="horizon.tv.nl" site_id="24443943012" xmltv_id="Comedy Central HD">Comedy Central HD</channel>
    <channel update="i" site="horizon.tv.nl" site_id="542836775318" xmltv_id="Nickelodeon HD / Spike Channel">Nickelodeon HD / Spike Channel</channel>
    <channel update="i" site="horizon.tv.nl" site_id="24443943009" xmltv_id="Discovery HD">Discovery HD</channel>
    <channel update="i" site="horizon.tv.nl" site_id="24443943035" xmltv_id="National Geographic Channel HD">National Geographic Channel HD</channel>
    <channel update="i" site="horizon.tv.nl" site_id="566369831211" xmltv_id="SBS9 HD">SBS9 HD</channel>
    <channel update="i" site="horizon.tv.nl" site_id="24443943029" xmltv_id="Eurosport 1 HD">Eurosport 1 HD</channel>
    <channel update="i" site="horizon.tv.nl" site_id="562458663437" xmltv_id="TLC HD">TLC HD</channel>
    <channel update="i" site="horizon.tv.nl" site_id="24443943006" xmltv_id="MTV HD">MTV HD</channel>
    <channel update="i" site="horizon.tv.nl" site_id="540738087345" xmltv_id="24Kitchen HD">24Kitchen HD</channel>
    <channel update="i" site="horizon.tv.nl" site_id="24443943028" xmltv_id="XITE">XITE</channel>
    <channel update="i" site="horizon.tv.nl" site_id="560453158985" xmltv_id="FOXlife HD">FOXlife HD</channel>
    <channel update="i" site="horizon.tv.nl" site_id="24443942993" xmltv_id="Disney Channel">Disney Channel</channel>
    <channel update="i" site="horizon.tv.nl" site_id="540738087343" xmltv_id="HISTORY HD">HISTORY HD</channel>
    <channel update="i" site="horizon.tv.nl" site_id="672816167176" xmltv_id="Comedy Central Family">Comedy Central Family</channel>
    <channel update="i" site="horizon.tv.nl" site_id="24443943058" xmltv_id="één HD">één HD</channel>
    <channel update="i" site="horizon.tv.nl" site_id="555680807173" xmltv_id="Canvas HD">Canvas HD</channel>
    <channel update="i" site="horizon.tv.nl" site_id="24443943087" xmltv_id="Ketnet">Ketnet</channel>
    <channel update="i" site="horizon.tv.nl" site_id="429332519216" xmltv_id="ARD HD">ARD HD</channel>
    <channel update="i" site="horizon.tv.nl" site_id="429332519214" xmltv_id="ZDF HD">ZDF HD</channel>
    <channel update="i" site="horizon.tv.nl" site_id="24443943112" xmltv_id="WDR">WDR</channel>
    <channel update="i" site="horizon.tv.nl" site_id="24443943105" xmltv_id="NDR">NDR</channel>
    <channel update="i" site="horizon.tv.nl" site_id="555680807174" xmltv_id="RTL">RTL</channel>
    <channel update="i" site="horizon.tv.nl" site_id="24443942986" xmltv_id="Sat. 1">Sat. 1</channel>
    <channel update="i" site="horizon.tv.nl" site_id="24443942999" xmltv_id="BBC One HD">BBC One HD</channel>
    <channel update="i" site="horizon.tv.nl" site_id="560453158983" xmltv_id="BBC Two HD">BBC Two HD</channel>
    <channel update="i" site="horizon.tv.nl" site_id="24443943013" xmltv_id="BBC Three / CBBC">BBC Three / CBBC</channel>
    <channel update="i" site="horizon.tv.nl" site_id="24443943080" xmltv_id="BBC Four / Cbeebies">BBC Four / Cbeebies</channel>
    <channel update="i" site="horizon.tv.nl" site_id="24443943099" xmltv_id="BBC Entertainment">BBC Entertainment</channel>
    <channel update="i" site="horizon.tv.nl" site_id="24443943054" xmltv_id="TV5 Monde">TV5 Monde</channel>
    <channel update="i" site="horizon.tv.nl" site_id="24443943121" xmltv_id="Arte">Arte</channel>
    <channel update="i" site="horizon.tv.nl" site_id="672816167175" xmltv_id="TVE">TVE</channel>
    <channel update="i" site="horizon.tv.nl" site_id="555680807175" xmltv_id="Mediaset Italia">Mediaset Italia</channel>
    <channel update="i" site="horizon.tv.nl" site_id="24443943118" xmltv_id="RTV-7">RTV-7</channel>
    <channel update="i" site="horizon.tv.nl" site_id="24443943081" xmltv_id="TRT Türk">TRT Türk</channel>
    <channel update="i" site="horizon.tv.nl" site_id="606274087098" xmltv_id="2M">2M</channel>
    <channel update="i" site="horizon.tv.nl" site_id="562458663436" xmltv_id="Film1 Premiere HD">Film1 Premiere HD</channel>
    <channel update="i" site="horizon.tv.nl" site_id="24443943173" xmltv_id="Film1 Action HD">Film1 Action HD</channel>
    <channel update="i" site="horizon.tv.nl" site_id="540738087342" xmltv_id="Film1 Comedy &amp; Kids HD">Film1 Comedy &amp; Kids HD</channel>
    <channel update="i" site="horizon.tv.nl" site_id="153935399225" xmltv_id="Film1 Spotlight HD">Film1 Spotlight HD</channel>
    <channel update="i" site="horizon.tv.nl" site_id="185866791162" xmltv_id="Film1 Sundance">Film1 Sundance</channel>
    <channel update="i" site="horizon.tv.nl" site_id="540738087341" xmltv_id="HBO HD">HBO HD</channel>
    <channel update="i" site="horizon.tv.nl" site_id="555680807176" xmltv_id="HBO2 HD">HBO2 HD</channel>
    <channel update="i" site="horizon.tv.nl" site_id="560453158986" xmltv_id="HBO3 HD">HBO3 HD</channel>
    <channel update="i" site="horizon.tv.nl" site_id="24443943033" xmltv_id="RTL Crime">RTL Crime</channel>
    <channel update="i" site="horizon.tv.nl" site_id="561793575034" xmltv_id="CI">CI</channel>
    <channel update="i" site="horizon.tv.nl" site_id="24443943110" xmltv_id="ID">ID</channel>
    <channel update="i" site="horizon.tv.nl" site_id="24443943077" xmltv_id="Comedy Central Extra">Comedy Central Extra</channel>
    <channel update="i" site="horizon.tv.nl" site_id="24443943072" xmltv_id="Shorts TV">Shorts TV</channel>
    <channel update="i" site="horizon.tv.nl" site_id="24443943102" xmltv_id="NPO Best">NPO Best</channel>
    <channel update="i" site="horizon.tv.nl" site_id="24443943148" xmltv_id="NPO 101">NPO 101</channel>
    <channel update="i" site="horizon.tv.nl" site_id="545453607330" xmltv_id="OUTTV">OUTTV</channel>
    <channel update="i" site="horizon.tv.nl" site_id="24443943064" xmltv_id="NPO Humor TV">NPO Humor TV</channel>
    <channel update="i" site="horizon.tv.nl" site_id="563391527030" xmltv_id="AMC">AMC</channel>
    <channel update="i" site="horizon.tv.nl" site_id="24443943111" xmltv_id="CBS Reality">CBS Reality</channel>
    <channel update="i" site="horizon.tv.nl" site_id="24443943044" xmltv_id="Fashion TV HD">Fashion TV HD</channel>
    <channel update="i" site="horizon.tv.nl" site_id="24443943145" xmltv_id="MyZen HD">MyZen HD</channel>
    <channel update="i" site="horizon.tv.nl" site_id="606274087102" xmltv_id="Horse &amp; Country TV">Horse &amp; Country TV</channel>
    <channel update="i" site="horizon.tv.nl" site_id="672816167174" xmltv_id="RTL Lounge">RTL Lounge</channel>
    <channel update="i" site="horizon.tv.nl" site_id="24443943097" xmltv_id="Discovery Science">Discovery Science</channel>
    <channel update="i" site="horizon.tv.nl" site_id="24443943084" xmltv_id="Discovery World">Discovery World</channel>
    <channel update="i" site="horizon.tv.nl" site_id="540738087344" xmltv_id="Nat Geo Wild HD">Nat Geo Wild HD</channel>
    <channel update="i" site="horizon.tv.nl" site_id="24443943106" xmltv_id="Animal Planet HD">Animal Planet HD</channel>
    <channel update="i" site="horizon.tv.nl" site_id="564193831244" xmltv_id="Travel Channel HD">Travel Channel HD</channel>
    <channel update="i" site="horizon.tv.nl" site_id="24443943124" xmltv_id="ONS">ONS</channel>
    <channel update="i" site="horizon.tv.nl" site_id="24443943160" xmltv_id="NPO Doc">NPO Doc</channel>
    <channel update="i" site="horizon.tv.nl" site_id="24443943108" xmltv_id="NPO Cultura">NPO Cultura</channel>
    <channel update="i" site="horizon.tv.nl" site_id="24443943174" xmltv_id="Family7">Family7</channel>
    <channel update="i" site="horizon.tv.nl" site_id="24443943086" xmltv_id="Disney XD">Disney XD</channel>
    <channel update="i" site="horizon.tv.nl" site_id="541838374997" xmltv_id="Disney Junior">Disney Junior</channel>
    <channel update="i" site="horizon.tv.nl" site_id="24443942994" xmltv_id="Nicktoons">Nicktoons</channel>
    <channel update="i" site="horizon.tv.nl" site_id="24443943216" xmltv_id="Nick Hits">Nick Hits</channel>
    <channel update="i" site="horizon.tv.nl" site_id="560453158987" xmltv_id="Pebble TV">Pebble TV</channel>
    <channel update="i" site="horizon.tv.nl" site_id="24443942992" xmltv_id="Nick Jr.">Nick Jr.</channel>
    <channel update="i" site="horizon.tv.nl" site_id="24443943186" xmltv_id="Cartoon Network">Cartoon Network</channel>
    <channel update="i" site="horizon.tv.nl" site_id="24443942995" xmltv_id="JimJam">JimJam</channel>
    <channel update="i" site="horizon.tv.nl" site_id="24443943095" xmltv_id="Boomerang">Boomerang</channel>
    <channel update="i" site="horizon.tv.nl" site_id="561138215256" xmltv_id="Baby TV">Baby TV</channel>
    <channel update="i" site="horizon.tv.nl" site_id="564193831242" xmltv_id="NPO Zapp Xtra">NPO Zapp Xtra</channel>
    <channel update="i" site="horizon.tv.nl" site_id="24443943100" xmltv_id="RTL Telekids">RTL Telekids</channel>
    <channel update="i" site="horizon.tv.nl" site_id="24443943161" xmltv_id="Ziggo Sport Select HD">Ziggo Sport Select HD</channel>
    <channel update="i" site="horizon.tv.nl" site_id="24443943164" xmltv_id="Ziggo Sport Voetbal HD">Ziggo Sport Voetbal HD</channel>
    <channel update="i" site="horizon.tv.nl" site_id="24443943140" xmltv_id="Ziggo Sport Golf">Ziggo Sport Golf</channel>
    <channel update="i" site="horizon.tv.nl" site_id="24443943143" xmltv_id="Ziggo Sport Racing">Ziggo Sport Racing</channel>
    <channel update="i" site="horizon.tv.nl" site_id="40301607426" xmltv_id="Ziggo Sport Extra1">Ziggo Sport Extra1</channel>
    <channel update="i" site="horizon.tv.nl" site_id="24443943189" xmltv_id="Ziggo Sport Extra2">Ziggo Sport Extra2</channel>
    <channel update="i" site="horizon.tv.nl" site_id="561138215257" xmltv_id="Eurosport 2 HD">Eurosport 2 HD</channel>
    <channel update="i" site="horizon.tv.nl" site_id="24443943122" xmltv_id="Extreme Sports Channel">Extreme Sports Channel</channel>
    <channel update="i" site="horizon.tv.nl" site_id="24443943016" xmltv_id="Motors TV">Motors TV</channel>
    <channel update="i" site="horizon.tv.nl" site_id="614261799194" xmltv_id="FOX Sports Info">FOX Sports Info</channel>
    <channel update="i" site="horizon.tv.nl" site_id="119414823233" xmltv_id="FOX Sports 1 Eredivisie HD">FOX Sports 1 Eredivisie HD</channel>
    <channel update="i" site="horizon.tv.nl" site_id="119414823227" xmltv_id="FOX Sports 2 HD">FOX Sports 2 HD</channel>
    <channel update="i" site="horizon.tv.nl" site_id="119414823235" xmltv_id="FOX Sports 3 Eredivisie HD">FOX Sports 3 Eredivisie HD</channel>
    <channel update="i" site="horizon.tv.nl" site_id="119414823230" xmltv_id="FOX Sports 4 HD">FOX Sports 4 HD</channel>
    <channel update="i" site="horizon.tv.nl" site_id="555680807172" xmltv_id="FOX Sports 5 Eredivisie HD">FOX Sports 5 Eredivisie HD</channel>
    <channel update="i" site="horizon.tv.nl" site_id="606274087106" xmltv_id="FOX Sports 6 HD">FOX Sports 6 HD</channel>
    <channel update="i" site="horizon.tv.nl" site_id="624196647052" xmltv_id="Ziggo Live Events">Ziggo Live Events</channel>
    <channel update="i" site="horizon.tv.nl" site_id="635928103348" xmltv_id="Ziggo Live Events FOX Sports">Ziggo Live Events FOX Sports</channel>
    <channel update="i" site="horizon.tv.nl" site_id="635928103347" xmltv_id="Ziggo Live Events FOX Sports">Ziggo Live Events FOX Sports</channel>
    <channel update="i" site="horizon.tv.nl" site_id="635928103346" xmltv_id="Ziggo Live Events FOX Sports">Ziggo Live Events FOX Sports</channel>
    <channel update="i" site="horizon.tv.nl" site_id="635928103351" xmltv_id="Ziggo Live Events FOX Sports">Ziggo Live Events FOX Sports</channel>
    <channel update="i" site="horizon.tv.nl" site_id="635928103349" xmltv_id="Ziggo Live Events FOX Sports">Ziggo Live Events FOX Sports</channel>
    <channel update="i" site="horizon.tv.nl" site_id="24443943149" xmltv_id="NPO Nieuws">NPO Nieuws</channel>
    <channel update="i" site="horizon.tv.nl" site_id="24443943152" xmltv_id="NPO Politiek">NPO Politiek</channel>
    <channel update="i" site="horizon.tv.nl" site_id="561138215261" xmltv_id="CNN">CNN</channel>
    <channel update="i" site="horizon.tv.nl" site_id="24443943049" xmltv_id="BBC World News">BBC World News</channel>
    <channel update="i" site="horizon.tv.nl" site_id="24443943027" xmltv_id="Euronews">Euronews</channel>
    <channel update="i" site="horizon.tv.nl" site_id="561138215259" xmltv_id="Aljazeera English">Aljazeera English</channel>
    <channel update="i" site="horizon.tv.nl" site_id="24443943051" xmltv_id="CNBC Europe">CNBC Europe</channel>
    <channel update="i" site="horizon.tv.nl" site_id="544430119366" xmltv_id="CCTV News">CCTV News</channel>
    <channel update="i" site="horizon.tv.nl" site_id="529739815221" xmltv_id="RT">RT</channel>
    <channel update="i" site="horizon.tv.nl" site_id="561138215258" xmltv_id="TV538">TV538</channel>
    <channel update="i" site="horizon.tv.nl" site_id="24443943214" xmltv_id="MTV Music 24">MTV Music 24</channel>
    <channel update="i" site="horizon.tv.nl" site_id="24443943025" xmltv_id="DanceTrippin">DanceTrippin</channel>
    <channel update="i" site="horizon.tv.nl" site_id="24443943138" xmltv_id="SLAM">SLAM</channel>
    <channel update="i" site="horizon.tv.nl" site_id="24443943136" xmltv_id="MTV Brand New">MTV Brand New</channel>
    <channel update="i" site="horizon.tv.nl" site_id="24443943150" xmltv_id="Stingray LiteTV">Stingray LiteTV</channel>
    <channel update="i" site="horizon.tv.nl" site_id="24443943039" xmltv_id="VH1 Classic">VH1 Classic</channel>
    <channel update="i" site="horizon.tv.nl" site_id="24443943156" xmltv_id="Brava NL Klassiek">Brava NL Klassiek</channel>
    <channel update="i" site="horizon.tv.nl" site_id="24443943129" xmltv_id="Mezzo">Mezzo</channel>
    <channel update="i" site="horizon.tv.nl" site_id="560453158982" xmltv_id="DJAZZ.tv">DJAZZ.tv</channel>
    <channel update="i" site="horizon.tv.nl" site_id="24443943188" xmltv_id="TV Oranje">TV Oranje</channel>
    <channel update="i" site="horizon.tv.nl" site_id="606274087100" xmltv_id="100% NL TV">100% NL TV</channel>
    <channel update="i" site="horizon.tv.nl" site_id="24443943155" xmltv_id="192TV">192TV</channel>
    <channel update="i" site="horizon.tv.nl" site_id="606274087099" xmltv_id="MTV Live HD">MTV Live HD</channel>
    <channel update="i" site="horizon.tv.nl" site_id="24443943192" xmltv_id="TV Noord">TV Noord</channel>
    <channel update="i" site="horizon.tv.nl" site_id="24443943144" xmltv_id="Omrop Fryslân">Omrop Fryslân</channel>
    <channel update="i" site="horizon.tv.nl" site_id="24443943187" xmltv_id="TV Drenthe">TV Drenthe</channel>
    <channel update="i" site="horizon.tv.nl" site_id="24443943043" xmltv_id="TV Oost">TV Oost</channel>
    <channel update="i" site="horizon.tv.nl" site_id="24443943141" xmltv_id="TV Gelderland">TV Gelderland</channel>
    <channel update="i" site="horizon.tv.nl" site_id="24443943001" xmltv_id="Omroep Flevoland">Omroep Flevoland</channel>
    <channel update="i" site="horizon.tv.nl" site_id="24443943063" xmltv_id="TV NH">TV NH</channel>
    <channel update="i" site="horizon.tv.nl" site_id="24443943078" xmltv_id="Regio TV Utrecht">Regio TV Utrecht</channel>
    <channel update="i" site="horizon.tv.nl" site_id="24443943071" xmltv_id="TV West">TV West</channel>
    <channel update="i" site="horizon.tv.nl" site_id="24443943075" xmltv_id="TV Rijnmond">TV Rijnmond</channel>
    <channel update="i" site="horizon.tv.nl" site_id="24443943178" xmltv_id="Omroep Zeeland">Omroep Zeeland</channel>
    <channel update="i" site="horizon.tv.nl" site_id="24443943069" xmltv_id="Omroep Brabant">Omroep Brabant</channel>
    <channel update="i" site="horizon.tv.nl" site_id="24443943061" xmltv_id="L1 TV">L1 TV</channel>
    <channel update="i" site="horizon.tv.nl" site_id="24443943004" xmltv_id="AT5">AT5</channel>
    <channel update="i" site="horizon.tv.nl" site_id="24443943030" xmltv_id="STAR Plus">STAR Plus</channel>
    <channel update="i" site="horizon.tv.nl" site_id="429332519213" xmltv_id="STAR Gold">STAR Gold</channel>
    <channel update="i" site="horizon.tv.nl" site_id="24443943023" xmltv_id="Zee TV">Zee TV</channel>
    <channel update="i" site="horizon.tv.nl" site_id="24443943185" xmltv_id="Zee Cinema">Zee Cinema</channel>
    <channel update="i" site="horizon.tv.nl" site_id="564193831245" xmltv_id="Zing">Zing</channel>
    <channel update="i" site="horizon.tv.nl" site_id="606274087104" xmltv_id="SET Asia">SET Asia</channel>
    <channel update="i" site="horizon.tv.nl" site_id="606274087101" xmltv_id="Show TV">Show TV</channel>
    <channel update="i" site="horizon.tv.nl" site_id="24443943109" xmltv_id="Euro D">Euro D</channel>
    <channel update="i" site="horizon.tv.nl" site_id="24443943092" xmltv_id="Euro Star">Euro Star</channel>
    <channel update="i" site="horizon.tv.nl" site_id="24443942998" xmltv_id="Habertürk">Habertürk</channel>
    <channel update="i" site="horizon.tv.nl" site_id="606274087105" xmltv_id="Kral TV">Kral TV</channel>
    <channel update="i" site="horizon.tv.nl" site_id="606274087103" xmltv_id="Planet Türk">Planet Türk</channel>
    <channel update="i" site="horizon.tv.nl" site_id="24443943090" xmltv_id="Samanyolu Avrupa">Samanyolu Avrupa</channel>
    <channel update="i" site="horizon.tv.nl" site_id="24443943153" xmltv_id="ATV Avrupa">ATV Avrupa</channel>
    <channel update="i" site="horizon.tv.nl" site_id="560453158988" xmltv_id="TGRT EU">TGRT EU</channel>
    <channel update="i" site="horizon.tv.nl" site_id="647417383034" xmltv_id="Al Arabiya">Al Arabiya</channel>
    <channel update="i" site="horizon.tv.nl" site_id="565790759344" xmltv_id="MBC">MBC</channel>
    <channel update="i" site="horizon.tv.nl" site_id="647417383035" xmltv_id="TVM Europe">TVM Europe</channel>
    <channel update="i" site="horizon.tv.nl" site_id="565790759345" xmltv_id="Aljazeera">Aljazeera</channel>
    <channel update="i" site="horizon.tv.nl" site_id="615722023372" xmltv_id="Erotiek Still">Erotiek Still</channel>
    <channel update="i" site="horizon.tv.nl" site_id="541628455136" xmltv_id="MvH Soft">MvH Soft</channel>
    <channel update="i" site="horizon.tv.nl" site_id="457547303396" xmltv_id="MvH Hard">MvH Hard</channel>
    <channel update="i" site="horizon.tv.nl" site_id="330522663235" xmltv_id="Brazzers TV Europe">Brazzers TV Europe</channel>
    <channel update="i" site="horizon.tv.nl" site_id="24443943083" xmltv_id="PassieXXX">PassieXXX</channel>
    <channel update="i" site="horizon.tv.nl" site_id="24443943019" xmltv_id="Dusk Deluxe">Dusk Deluxe</channel>
    <channel update="i" site="horizon.tv.nl" site_id="606274087107" xmltv_id="Penthouse">Penthouse</channel>
    <channel update="i" site="horizon.tv.nl" site_id="24443943126" xmltv_id="X-MO">X-MO</channel>
    <channel update="i" site="horizon.tv.nl" site_id="545453607331" xmltv_id="OUTTV">OUTTV</channel>
    <channel update="i" site="horizon.tv.nl" site_id="24443943085" xmltv_id="Zender van de Maand">Zender van de Maand</channel>
    <channel update="i" site="horizon.tv.nl" site_id="24443943135" xmltv_id="Testbeeld">Testbeeld</channel>
    <channel update="i" site="horizon.tv.nl" site_id="614261799193" xmltv_id="Ziggo Zenderoverzicht HD">Ziggo Zenderoverzicht HD</channel>
    <channel update="i" site="horizon.tv.nl" site_id="24443943133" xmltv_id="Eventkanaal">Eventkanaal</channel>
  </channels>
</site>