﻿<?xml version="1.0" encoding="UTF-8"?>
<site generator-info-name="WebGrab+Plus/w MDB &amp; REX Postprocess -- version  V1.56 -- Jan van Straaten" site="tv24.lt">
  <channels>
    <channel update="i" site="tv24.lt" site_id="lietuviski" xmltv_id="Lietuviški">Lietuviški</channel>
    <channel update="i" site="tv24.lt" site_id="visi" xmltv_id="Kanalai">Kanalai</channel>
    <channel update="i" site="tv24.lt" site_id="lrt-televizija" xmltv_id="LRT Televizija">LRT Televizija</channel>
    <channel update="i" site="tv24.lt" site_id="tv3-4" xmltv_id="TV3">TV3</channel>
    <channel update="i" site="tv24.lt" site_id="lnk" xmltv_id="LNK">LNK</channel>
    <channel update="i" site="tv24.lt" site_id="btv" xmltv_id="BTV">BTV</channel>
    <channel update="i" site="tv24.lt" site_id="lrt-kultura" xmltv_id="LRT Kultūra">LRT Kultūra</channel>
    <channel update="i" site="tv24.lt" site_id="tv6-2" xmltv_id="TV6">TV6</channel>
    <channel update="i" site="tv24.lt" site_id="lietuvos-ryto-televizija" xmltv_id="Lietuvos ryto televizija">Lietuvos ryto televizija</channel>
    <channel update="i" site="tv24.lt" site_id="tv1" xmltv_id="TV1">TV1</channel>
    <channel update="i" site="tv24.lt" site_id="pbk-litva" xmltv_id="PBK Litva">PBK Litva</channel>
    <channel update="i" site="tv24.lt" site_id="tv8" xmltv_id="TV8">TV8</channel>
    <channel update="i" site="tv24.lt" site_id="sport-1" xmltv_id="Sport 1">Sport 1</channel>
    <channel update="i" site="tv24.lt" site_id="balticum-tv" xmltv_id="Balticum TV">Balticum TV</channel>
    <channel update="i" site="tv24.lt" site_id="info-tv" xmltv_id="Info TV">Info TV</channel>
    <channel update="i" site="tv24.lt" site_id="liuks" xmltv_id="Liuks">Liuks</channel>
    <channel update="i" site="tv24.lt" site_id="balticum-auksinis" xmltv_id="Balticum Auksinis">Balticum Auksinis</channel>
    <channel update="i" site="tv24.lt" site_id="lrt-lituanica" xmltv_id="LRT Lituanica">LRT Lituanica</channel>
    <channel update="i" site="tv24.lt" site_id="tv-polonia" xmltv_id="TV Polonia">TV Polonia</channel>
    <channel update="i" site="tv24.lt" site_id="init-tv" xmltv_id="Init TV">Init TV</channel>
    <channel update="i" site="tv24.lt" site_id="pukas-tv" xmltv_id="Pūkas TV">Pūkas TV</channel>
    <channel update="i" site="tv24.lt" site_id="dzukijos-tv" xmltv_id="Dzūkijos TV">Dzūkijos TV</channel>
    <channel update="i" site="tv24.lt" site_id="marijampoles-tv" xmltv_id="Marijampolės TV">Marijampolės TV</channel>
    <channel update="i" site="tv24.lt" site_id="siauliu-tv" xmltv_id="Šiaulių TV">Šiaulių TV</channel>
    <channel update="i" site="tv24.lt" site_id="zvaigzde" xmltv_id="Žvaigždė">Žvaigždė</channel>
    <channel update="i" site="tv24.lt" site_id="splius" xmltv_id="Splius">Splius</channel>
    <channel update="i" site="tv24.lt" site_id="pantv" xmltv_id="PanTV">PanTV</channel>
    <channel update="i" site="tv24.lt" site_id="penki-tv" xmltv_id="Penki TV">Penki TV</channel>
    <channel update="i" site="tv24.lt" site_id="seimas-tiesiogiai" xmltv_id="Seimas tiesiogiai">Seimas tiesiogiai</channel>
    <channel update="i" site="tv24.lt" site_id="init-ekstra-tv" xmltv_id="Init Ekstra TV">Init Ekstra TV</channel>
    <channel update="i" site="tv24.lt" site_id="play-tv" xmltv_id="Play TV">Play TV</channel>
    <channel update="i" site="tv24.lt" site_id="tv-7" xmltv_id="TV 7">TV 7</channel>
    <channel update="i" site="tv24.lt" site_id="gntv" xmltv_id="GNTV">GNTV</channel>
    <channel update="i" site="tv24.lt" site_id="filmai" xmltv_id="filmai">filmai</channel>
    <channel update="i" site="tv24.lt" site_id="visi" xmltv_id="Kanalai">Kanalai</channel>
    <channel update="i" site="tv24.lt" site_id="balticum-auksinis" xmltv_id="Balticum Auksinis">Balticum Auksinis</channel>
    <channel update="i" site="tv24.lt" site_id="balticum-platinum" xmltv_id="Balticum Platinum">Balticum Platinum</channel>
    <channel update="i" site="tv24.lt" site_id="tv1000" xmltv_id="TV1000">TV1000</channel>
    <channel update="i" site="tv24.lt" site_id="tv1000-kino" xmltv_id="TV1000 Kino">TV1000 Kino</channel>
    <channel update="i" site="tv24.lt" site_id="tv1000-action" xmltv_id="TV1000 Action">TV1000 Action</channel>
    <channel update="i" site="tv24.lt" site_id="tv1000-premium" xmltv_id="TV1000 Premium">TV1000 Premium</channel>
    <channel update="i" site="tv24.lt" site_id="russkiy-illyuzion" xmltv_id="Русский Иллюзион">Русский Иллюзион</channel>
    <channel update="i" site="tv24.lt" site_id="dom-kino" xmltv_id="Дом Кино">Дом Кино</channel>
    <channel update="i" site="tv24.lt" site_id="rtv-lyubimoe-kino" xmltv_id="РТВ-Любимое Кино">РТВ-Любимое Кино</channel>
    <channel update="i" site="tv24.lt" site_id="rtv-teleklub" xmltv_id="РТВ-Телеклуб">РТВ-Телеклуб</channel>
    <channel update="i" site="tv24.lt" site_id="tv-21" xmltv_id="TV-21">TV-21</channel>
    <channel update="i" site="tv24.lt" site_id="filmzone-1" xmltv_id="FILMZONE">FILMZONE</channel>
    <channel update="i" site="tv24.lt" site_id="filmzone" xmltv_id="FILMZONE+">FILMZONE+</channel>
    <channel update="i" site="tv24.lt" site_id="illyuzion" xmltv_id="Иллюзион +">Иллюзион +</channel>
    <channel update="i" site="tv24.lt" site_id="bollywood-hd" xmltv_id="Bollywood HD">Bollywood HD</channel>
    <channel update="i" site="tv24.lt" site_id="zee-tv" xmltv_id="Zee TV">Zee TV</channel>
    <channel update="i" site="tv24.lt" site_id="bestseller" xmltv_id="Бестселлер">Бестселлер</channel>
    <channel update="i" site="tv24.lt" site_id="sportas" xmltv_id="Sportas">Sportas</channel>
    <channel update="i" site="tv24.lt" site_id="visi" xmltv_id="Kanalai">Kanalai</channel>
    <channel update="i" site="tv24.lt" site_id="viasat-sport-baltic" xmltv_id="Viasat Sport Baltic">Viasat Sport Baltic</channel>
    <channel update="i" site="tv24.lt" site_id="sport-1" xmltv_id="Sport 1">Sport 1</channel>
    <channel update="i" site="tv24.lt" site_id="eurosport-1" xmltv_id="Eurosport 1">Eurosport 1</channel>
    <channel update="i" site="tv24.lt" site_id="eurosport-2-bundesliga" xmltv_id="Eurosport 2 (Bundesliga)">Eurosport 2 (Bundesliga)</channel>
    <channel update="i" site="tv24.lt" site_id="setanta-eurasia" xmltv_id="Setanta Eurasia">Setanta Eurasia</channel>
    <channel update="i" site="tv24.lt" site_id="nba" xmltv_id="NBA">NBA</channel>
    <channel update="i" site="tv24.lt" site_id="extreme-sports" xmltv_id="Extreme Sports">Extreme Sports</channel>
    <channel update="i" site="tv24.lt" site_id="outdoor-hd" xmltv_id="Outdoor HD">Outdoor HD</channel>
    <channel update="i" site="tv24.lt" site_id="viasat-motor" xmltv_id="Viasat Motor">Viasat Motor</channel>
    <channel update="i" site="tv24.lt" site_id="viasat-hockey" xmltv_id="Viasat Hockey">Viasat Hockey</channel>
    <channel update="i" site="tv24.lt" site_id="viasat-golf" xmltv_id="Viasat Golf">Viasat Golf</channel>
    <channel update="i" site="tv24.lt" site_id="okhota-i-rybalka" xmltv_id="Охота и рыбалка">Охота и рыбалка</channel>
    <channel update="i" site="tv24.lt" site_id="russkiy-ekstrim" xmltv_id="Русский Экстрим">Русский Экстрим</channel>
    <channel update="i" site="tv24.lt" site_id="drayv" xmltv_id="Драйв">Драйв</channel>
    <channel update="i" site="tv24.lt" site_id="avto-plyus" xmltv_id="Авто плюс">Авто плюс</channel>
    <channel update="i" site="tv24.lt" site_id="avto-24" xmltv_id="Авто 24">Авто 24</channel>
    <channel update="i" site="tv24.lt" site_id="sport1" xmltv_id="Sport1">Sport1</channel>
    <channel update="i" site="tv24.lt" site_id="eurosport-2" xmltv_id="Eurosport 2">Eurosport 2</channel>
    <channel update="i" site="tv24.lt" site_id="match-boets-tv" xmltv_id="Матч! Боец ТВ">Матч! Боец ТВ</channel>
    <channel update="i" site="tv24.lt" site_id="oruzhie-tv" xmltv_id="Оружие ТВ">Оружие ТВ</channel>
    <channel update="i" site="tv24.lt" site_id="kkhl-tv" xmltv_id="КХЛ ТВ">КХЛ ТВ</channel>
    <channel update="i" site="tv24.lt" site_id="muzikalt" xmltv_id="Muzika">Muzika</channel>
    <channel update="i" site="tv24.lt" site_id="visi" xmltv_id="Kanalai">Kanalai</channel>
    <channel update="i" site="tv24.lt" site_id="mtv-europe" xmltv_id="MTV Europe">MTV Europe</channel>
    <channel update="i" site="tv24.lt" site_id="mtv-dance" xmltv_id="MTV Dance">MTV Dance</channel>
    <channel update="i" site="tv24.lt" site_id="mtv-rocks" xmltv_id="MTV Rocks">MTV Rocks</channel>
    <channel update="i" site="tv24.lt" site_id="mtv-live-hd" xmltv_id="MTV Live HD">MTV Live HD</channel>
    <channel update="i" site="tv24.lt" site_id="mtv-hits" xmltv_id="MTV Hits">MTV Hits</channel>
    <channel update="i" site="tv24.lt" site_id="vh1-euro-imm" xmltv_id="VH1 Euro IMM">VH1 Euro IMM</channel>
    <channel update="i" site="tv24.lt" site_id="vh1-classic-europe" xmltv_id="VH1 Classic Europe">VH1 Classic Europe</channel>
    <channel update="i" site="tv24.lt" site_id="mezzo" xmltv_id="Mezzo">Mezzo</channel>
    <channel update="i" site="tv24.lt" site_id="unitel-classica-hd" xmltv_id="Unitel Classica HD">Unitel Classica HD</channel>
    <channel update="i" site="tv24.lt" site_id="viva" xmltv_id="VIVA">VIVA</channel>
    <channel update="i" site="tv24.lt" site_id="rfm-tv" xmltv_id="RFM TV">RFM TV</channel>
    <channel update="i" site="tv24.lt" site_id="nemokami-kanalai" xmltv_id="Antžeminė TV">Antžeminė TV</channel>
    <channel update="i" site="tv24.lt" site_id="visi" xmltv_id="Kanalai">Kanalai</channel>
    <channel update="i" site="tv24.lt" site_id="lrt-televizija" xmltv_id="LRT Televizija">LRT Televizija</channel>
    <channel update="i" site="tv24.lt" site_id="tv3-4" xmltv_id="TV3">TV3</channel>
    <channel update="i" site="tv24.lt" site_id="lnk" xmltv_id="LNK">LNK</channel>
    <channel update="i" site="tv24.lt" site_id="btv" xmltv_id="BTV">BTV</channel>
    <channel update="i" site="tv24.lt" site_id="lietuvos-ryto-televizija" xmltv_id="Lietuvos ryto televizija">Lietuvos ryto televizija</channel>
    <channel update="i" site="tv24.lt" site_id="tv6-2" xmltv_id="TV6">TV6</channel>
    <channel update="i" site="tv24.lt" site_id="tv1" xmltv_id="TV1">TV1</channel>
    <channel update="i" site="tv24.lt" site_id="tv8" xmltv_id="TV8">TV8</channel>
    <channel update="i" site="tv24.lt" site_id="lrt-kultura" xmltv_id="LRT Kultūra">LRT Kultūra</channel>
    <channel update="i" site="tv24.lt" site_id="liuks" xmltv_id="Liuks">Liuks</channel>
    <channel update="i" site="tv24.lt" site_id="info-tv" xmltv_id="Info TV">Info TV</channel>
    <channel update="i" site="tv24.lt" site_id="tv-polonia" xmltv_id="TV Polonia">TV Polonia</channel>
    <channel update="i" site="tv24.lt" site_id="regionineTV" xmltv_id="Regioniniai">Regioniniai</channel>
    <channel update="i" site="tv24.lt" site_id="visi" xmltv_id="Kanalai">Kanalai</channel>
    <channel update="i" site="tv24.lt" site_id="init-tv" xmltv_id="Init TV">Init TV</channel>
    <channel update="i" site="tv24.lt" site_id="dzukijos-tv" xmltv_id="Dzūkijos TV">Dzūkijos TV</channel>
    <channel update="i" site="tv24.lt" site_id="siauliu-tv" xmltv_id="Šiaulių TV">Šiaulių TV</channel>
    <channel update="i" site="tv24.lt" site_id="splius" xmltv_id="Splius">Splius</channel>
    <channel update="i" site="tv24.lt" site_id="seimas-tiesiogiai" xmltv_id="Seimas tiesiogiai">Seimas tiesiogiai</channel>
    <channel update="i" site="tv24.lt" site_id="tv-7" xmltv_id="TV 7">TV 7</channel>
    <channel update="i" site="tv24.lt" site_id="pukas-tv" xmltv_id="Pūkas TV">Pūkas TV</channel>
    <channel update="i" site="tv24.lt" site_id="play-tv" xmltv_id="Play TV">Play TV</channel>
    <channel update="i" site="tv24.lt" site_id="penki-tv" xmltv_id="Penki TV">Penki TV</channel>
    <channel update="i" site="tv24.lt" site_id="pantv" xmltv_id="PanTV">PanTV</channel>
    <channel update="i" site="tv24.lt" site_id="marijampoles-tv" xmltv_id="Marijampolės TV">Marijampolės TV</channel>
    <channel update="i" site="tv24.lt" site_id="init-ekstra-tv" xmltv_id="Init Ekstra TV">Init Ekstra TV</channel>
    <channel update="i" site="tv24.lt" site_id="gntv" xmltv_id="GNTV">GNTV</channel>
    <channel update="i" site="tv24.lt" site_id="zvaigzde" xmltv_id="Žvaigždė">Žvaigždė</channel>
    <channel update="i" site="tv24.lt" site_id="vaikams" xmltv_id="Vaikams">Vaikams</channel>
    <channel update="i" site="tv24.lt" site_id="visi" xmltv_id="Kanalai">Kanalai</channel>
    <channel update="i" site="tv24.lt" site_id="kidzone-baltic" xmltv_id="Kidzone Baltic">Kidzone Baltic</channel>
    <channel update="i" site="tv24.lt" site_id="lolo-tv-lt" xmltv_id="Lolo TV (LT)">Lolo TV (LT)</channel>
    <channel update="i" site="tv24.lt" site_id="karusel" xmltv_id="Карусель">Карусель</channel>
    <channel update="i" site="tv24.lt" site_id="cartoon-network-rse" xmltv_id="Cartoon Network RSE">Cartoon Network RSE</channel>
    <channel update="i" site="tv24.lt" site_id="boomerang-baltic-cee" xmltv_id="Boomerang Baltic (CEE)">Boomerang Baltic (CEE)</channel>
    <channel update="i" site="tv24.lt" site_id="disney-channel" xmltv_id="Disney Channel">Disney Channel</channel>
    <channel update="i" site="tv24.lt" site_id="disney-junior" xmltv_id="Disney Junior">Disney Junior</channel>
    <channel update="i" site="tv24.lt" site_id="disney-xd" xmltv_id="Disney XD">Disney XD</channel>
    <channel update="i" site="tv24.lt" site_id="jimjam-russia" xmltv_id="JimJam Russia">JimJam Russia</channel>
    <channel update="i" site="tv24.lt" site_id="nickelodeon-euro" xmltv_id="Nickelodeon EURO">Nickelodeon EURO</channel>
    <channel update="i" site="tv24.lt" site_id="nick-jr" xmltv_id="Nick Jr">Nick Jr</channel>
    <channel update="i" site="tv24.lt" site_id="gulli" xmltv_id="Gulli">Gulli</channel>
    <channel update="i" site="tv24.lt" site_id="baby-tv" xmltv_id="Baby TV">Baby TV</channel>
    <channel update="i" site="tv24.lt" site_id="mult" xmltv_id="Мульт">Мульт</channel>
    <channel update="i" site="tv24.lt" site_id="rusiski" xmltv_id="Rusiški">Rusiški</channel>
    <channel update="i" site="tv24.lt" site_id="visi" xmltv_id="Kanalai">Kanalai</channel>
    <channel update="i" site="tv24.lt" site_id="pbk-litva" xmltv_id="PBK Litva">PBK Litva</channel>
    <channel update="i" site="tv24.lt" site_id="ntv-mir" xmltv_id="НТВ-Мир">НТВ-Мир</channel>
    <channel update="i" site="tv24.lt" site_id="ren-lietuva" xmltv_id="Ren Lietuva">Ren Lietuva</channel>
    <channel update="i" site="tv24.lt" site_id="rtr-planeta-baltiya" xmltv_id="РТР Планета Балтия">РТР Планета Балтия</channel>
    <channel update="i" site="tv24.lt" site_id="tvts" xmltv_id="ТВЦ">ТВЦ</channel>
    <channel update="i" site="tv24.lt" site_id="rtv-international" xmltv_id="РТВ International">РТВ International</channel>
    <channel update="i" site="tv24.lt" site_id="sts-baltiya" xmltv_id="СТС Балтия">СТС Балтия</channel>
    <channel update="i" site="tv24.lt" site_id="telekafe" xmltv_id="Телекафе">Телекафе</channel>
    <channel update="i" site="tv24.lt" site_id="zdorovoe-tv" xmltv_id="Здоровое ТВ">Здоровое ТВ</channel>
    <channel update="i" site="tv24.lt" site_id="usadba-tv" xmltv_id="Усадьба ТВ">Усадьба ТВ</channel>
    <channel update="i" site="tv24.lt" site_id="dozhd" xmltv_id="Дождь">Дождь</channel>
    <channel update="i" site="tv24.lt" site_id="rentv-baltic" xmltv_id="RenTV Baltic">RenTV Baltic</channel>
    <channel update="i" site="tv24.lt" site_id="rtr-planeta" xmltv_id="РТР Планета">РТР Планета</channel>
    <channel update="i" site="tv24.lt" site_id="dokumentiniai" xmltv_id="Dokumentika">Dokumentika</channel>
    <channel update="i" site="tv24.lt" site_id="visi" xmltv_id="Kanalai">Kanalai</channel>
    <channel update="i" site="tv24.lt" site_id="national-geographic-channel-russia" xmltv_id="National Geographic Channel Russia">National Geographic Channel Russia</channel>
    <channel update="i" site="tv24.lt" site_id="discovery-channel-ce" xmltv_id="Discovery Channel CE">Discovery Channel CE</channel>
    <channel update="i" site="tv24.lt" site_id="animal-planet-eu" xmltv_id="Animal Planet EU">Animal Planet EU</channel>
    <channel update="i" site="tv24.lt" site_id="history-europe" xmltv_id="History Europe">History Europe</channel>
    <channel update="i" site="tv24.lt" site_id="travel-channel" xmltv_id="Travel Channel">Travel Channel</channel>
    <channel update="i" site="tv24.lt" site_id="discovery-world-eu" xmltv_id="Discovery World EU">Discovery World EU</channel>
    <channel update="i" site="tv24.lt" site_id="viasat-explore" xmltv_id="Viasat Explore">Viasat Explore</channel>
    <channel update="i" site="tv24.lt" site_id="viasat-history" xmltv_id="Viasat History">Viasat History</channel>
    <channel update="i" site="tv24.lt" site_id="viasat-nature-east" xmltv_id="VIASAT Nature East">VIASAT Nature East</channel>
    <channel update="i" site="tv24.lt" site_id="discovery-science-eu" xmltv_id="Discovery Science EU">Discovery Science EU</channel>
    <channel update="i" site="tv24.lt" site_id="viasat-naturehistory-hd" xmltv_id="Viasat Nature\/History HD">Viasat Nature\/History HD</channel>
    <channel update="i" site="tv24.lt" site_id="nat-geo-wild-europe" xmltv_id="Nat Geo Wild Europe">Nat Geo Wild Europe</channel>
    <channel update="i" site="tv24.lt" site_id="bbc-earth-hd" xmltv_id="BBC Earth HD">BBC Earth HD</channel>
    <channel update="i" site="tv24.lt" site_id="discovery-id-xtra" xmltv_id="Discovery ID XTRA">Discovery ID XTRA</channel>
    <channel update="i" site="tv24.lt" site_id="national-geographic-channel-hd" xmltv_id="National Geographic Channel HD">National Geographic Channel HD</channel>
    <channel update="i" site="tv24.lt" site_id="id-investigation-discovery" xmltv_id="ID Investigation Discovery">ID Investigation Discovery</channel>
    <channel update="i" site="tv24.lt" site_id="discovery-hd-showcase" xmltv_id="Discovery HD Showcase">Discovery HD Showcase</channel>
    <channel update="i" site="tv24.lt" site_id="animal-planet-hd" xmltv_id="Animal Planet HD">Animal Planet HD</channel>
    <channel update="i" site="tv24.lt" site_id="kiti" xmltv_id="Kiti">Kiti</channel>
    <channel update="i" site="tv24.lt" site_id="visi" xmltv_id="Kanalai">Kanalai</channel>
    <channel update="i" site="tv24.lt" site_id="tv-polonia" xmltv_id="TV Polonia">TV Polonia</channel>
    <channel update="i" site="tv24.lt" site_id="bbc-world" xmltv_id="BBC World">BBC World</channel>
    <channel update="i" site="tv24.lt" site_id="ltv1" xmltv_id="LTV1">LTV1</channel>
    <channel update="i" site="tv24.lt" site_id="tv3-3" xmltv_id="TV3+">TV3+</channel>
    <channel update="i" site="tv24.lt" site_id="sky-news" xmltv_id="Sky News">Sky News</channel>
    <channel update="i" site="tv24.lt" site_id="france-24-uk" xmltv_id="France 24 UK">France 24 UK</channel>
    <channel update="i" site="tv24.lt" site_id="euronews" xmltv_id="EuroNews">EuroNews</channel>
    <channel update="i" site="tv24.lt" site_id="cnn" xmltv_id="CNN">CNN</channel>
    <channel update="i" site="tv24.lt" site_id="da-vinci-learning" xmltv_id="Da Vinci Learning">Da Vinci Learning</channel>
    <channel update="i" site="tv24.lt" site_id="cnbc-europe" xmltv_id="CNBC Europe">CNBC Europe</channel>
    <channel update="i" site="tv24.lt" site_id="bloomberg" xmltv_id="Bloomberg">Bloomberg</channel>
    <channel update="i" site="tv24.lt" site_id="world-bussines-channel" xmltv_id="World Bussines Channel">World Bussines Channel</channel>
    <channel update="i" site="tv24.lt" site_id="tv5monde-europe" xmltv_id="TV5Monde Europe">TV5Monde Europe</channel>
    <channel update="i" site="tv24.lt" site_id="playboy-tv-europe" xmltv_id="Playboy TV Europe">Playboy TV Europe</channel>
    <channel update="i" site="tv24.lt" site_id="blue-hustler" xmltv_id="Blue Hustler">Blue Hustler</channel>
    <channel update="i" site="tv24.lt" site_id="erox-hd" xmltv_id="Erox HD">Erox HD</channel>
    <channel update="i" site="tv24.lt" site_id="pramoginiai" xmltv_id="Pramoginiai">Pramoginiai</channel>
    <channel update="i" site="tv24.lt" site_id="visi" xmltv_id="Kanalai">Kanalai</channel>
    <channel update="i" site="tv24.lt" site_id="tlc-pan" xmltv_id="TLC Pan">TLC Pan</channel>
    <channel update="i" site="tv24.lt" site_id="sony-turbo-baltic" xmltv_id="Sony Turbo Baltic">Sony Turbo Baltic</channel>
    <channel update="i" site="tv24.lt" site_id="sony-entertainment" xmltv_id="Sony Entertainment">Sony Entertainment</channel>
    <channel update="i" site="tv24.lt" site_id="e-entertainment" xmltv_id="E! Entertainment">E! Entertainment</channel>
    <channel update="i" site="tv24.lt" site_id="fine-living-network" xmltv_id="Fine Living Network">Fine Living Network</channel>
    <channel update="i" site="tv24.lt" site_id="cbs-reality" xmltv_id="CBS Reality">CBS Reality</channel>
    <channel update="i" site="tv24.lt" site_id="travel-channel" xmltv_id="Travel Channel">Travel Channel</channel>
    <channel update="i" site="tv24.lt" site_id="food-network-hd-emea" xmltv_id="Food Network HD (EMEA)">Food Network HD (EMEA)</channel>
    <channel update="i" site="tv24.lt" site_id="luxetv-hd" xmltv_id="Luxe.TV HD">Luxe.TV HD</channel>
    <channel update="i" site="tv24.lt" site_id="fashion-one" xmltv_id="Fashion One">Fashion One</channel>
    <channel update="i" site="tv24.lt" site_id="arirang-tv" xmltv_id="Arirang TV">Arirang TV</channel>
    <channel update="i" site="tv24.lt" site_id="rusiski2" xmltv_id="Rusiški #2">Rusiški #2</channel>
    <channel update="i" site="tv24.lt" site_id="visi" xmltv_id="Kanalai">Kanalai</channel>
    <channel update="i" site="tv24.lt" site_id="rtr-planeta" xmltv_id="РТР Планета">РТР Планета</channel>
    <channel update="i" site="tv24.lt" site_id="usadba-tv" xmltv_id="Усадьба ТВ">Усадьба ТВ</channel>
    <channel update="i" site="tv24.lt" site_id="kto-est-kto" xmltv_id="Кто есть кто">Кто есть кто</channel>
    <channel update="i" site="tv24.lt" site_id="voprosy-i-otvety" xmltv_id="Вопросы и ответы">Вопросы и ответы</channel>
    <channel update="i" site="tv24.lt" site_id="fashion-world" xmltv_id="Fashion World">Fashion World</channel>
    <channel update="i" site="tv24.lt" site_id="domashnie-zhivotnye" xmltv_id="Домашние животные">Домашние животные</channel>
    <channel update="i" site="tv24.lt" site_id="psikhologiya-21" xmltv_id="Психология 21">Психология 21</channel>
    <channel update="i" site="tv24.lt" site_id="retro" xmltv_id="Ретро">Ретро</channel>
    <channel update="i" site="tv24.lt" site_id="rossiya-24" xmltv_id="Россия 24">Россия 24</channel>
    <channel update="i" site="tv24.lt" site_id="vokiski" xmltv_id="Vokiški">Vokiški</channel>
    <channel update="i" site="tv24.lt" site_id="visi" xmltv_id="Kanalai">Kanalai</channel>
    <channel update="i" site="tv24.lt" site_id="deutche-welle" xmltv_id="Deutche Welle">Deutche Welle</channel>
    <channel update="i" site="tv24.lt" site_id="rtl" xmltv_id="RTL">RTL</channel>
    <channel update="i" site="tv24.lt" site_id="pro-7" xmltv_id="PRO 7">PRO 7</channel>
    <channel update="i" site="tv24.lt" site_id="sat-1" xmltv_id="SAT 1">SAT 1</channel>
    <channel update="i" site="tv24.lt" site_id="arte" xmltv_id="Arte">Arte</channel>
    <channel update="i" site="tv24.lt" site_id="vox" xmltv_id="VOX">VOX</channel>
    <channel update="i" site="tv24.lt" site_id="rtl-2" xmltv_id="RTL 2">RTL 2</channel>
    <channel update="i" site="tv24.lt" site_id="super-rtl" xmltv_id="Super RTL">Super RTL</channel>
    <channel update="i" site="tv24.lt" site_id="sixx" xmltv_id="SIXX">SIXX</channel>
    <channel update="i" site="tv24.lt" site_id="kabel-eins" xmltv_id="Kabel Eins">Kabel Eins</channel>
    <channel update="i" site="tv24.lt" site_id="viva" xmltv_id="VIVA">VIVA</channel>
    <channel update="i" site="tv24.lt" site_id="deluxe-music" xmltv_id="Deluxe Music">Deluxe Music</channel>
  </channels>
</site>