﻿<?xml version="1.0" encoding="UTF-8"?>
<site generator-info-name="WebGrab+Plus/w MDB &amp; REX Postprocess -- version 1.54.6/0.01 -- Jan van Straaten" site="tvprograma.lt">
  <channels>
    <channel update="i" site="tvprograma.lt" site_id="lrt-televizija/30" xmltv_id="LRT TELEVIZIJA">LRT TELEVIZIJA</channel>
    <channel update="i" site="tvprograma.lt" site_id="lnk/3" xmltv_id="LNK">LNK</channel>
    <channel update="i" site="tvprograma.lt" site_id="tv3/42" xmltv_id="TV3">TV3</channel>
    <channel update="i" site="tvprograma.lt" site_id="btv/26" xmltv_id="BTV">BTV</channel>
    <channel update="i" site="tvprograma.lt" site_id="tv6/1" xmltv_id="TV6">TV6</channel>
    <channel update="i" site="tvprograma.lt" site_id="tv1/9" xmltv_id="TV1">TV1</channel>
    <channel update="i" site="tvprograma.lt" site_id="lietuvos-ryto-tv/34" xmltv_id="Lietuvos ryto TV">Lietuvos ryto TV</channel>
    <channel update="i" site="tvprograma.lt" site_id="tv8/197" xmltv_id="TV8">TV8</channel>
    <channel update="i" site="tvprograma.lt" site_id="viasat-sport-baltic/28" xmltv_id="Viasat Sport Baltic">Viasat Sport Baltic</channel>
    <channel update="i" site="tvprograma.lt" site_id="lrt-kultura/231" xmltv_id="LRT KULTŪRA">LRT KULTŪRA</channel>
    <channel update="i" site="tvprograma.lt" site_id="pbk/37" xmltv_id="PBK">PBK</channel>
    <channel update="i" site="tvprograma.lt" site_id="ren-lietuva/181" xmltv_id="REN Lietuva">REN Lietuva</channel>
    <channel update="i" site="tvprograma.lt" site_id="discovery/35" xmltv_id="Discovery">Discovery</channel>
    <channel update="i" site="tvprograma.lt" site_id="info-tv/40" xmltv_id="INFO TV">INFO TV</channel>
    <channel update="i" site="tvprograma.lt" site_id="liuks/146" xmltv_id="Liuks!">Liuks!</channel>
    <channel update="i" site="tvprograma.lt" site_id="lrt-hd/317" xmltv_id="LRT HD">LRT HD</channel>
    <channel update="i" site="tvprograma.lt" site_id="sport1/24" xmltv_id="Sport1">Sport1</channel>
    <channel update="i" site="tvprograma.lt" site_id="eurosport/33" xmltv_id="EUROSPORT">EUROSPORT</channel>
    <channel update="i" site="tvprograma.lt" site_id="eurosport-2/117" xmltv_id="Eurosport 2">Eurosport 2</channel>
    <channel update="i" site="tvprograma.lt" site_id="eurosport-hd/201" xmltv_id="Eurosport HD">Eurosport HD</channel>
    <channel update="i" site="tvprograma.lt" site_id="extreme-sports/119" xmltv_id="Extreme Sports">Extreme Sports</channel>
    <channel update="i" site="tvprograma.lt" site_id="ntvsport/58" xmltv_id="NTV+Sport">NTV+Sport</channel>
    <channel update="i" site="tvprograma.lt" site_id="nba-tv/260" xmltv_id="NBA TV">NBA TV</channel>
    <channel update="i" site="tvprograma.lt" site_id="motors-tv/89" xmltv_id="Motors TV">Motors TV</channel>
    <channel update="i" site="tvprograma.lt" site_id="viasat-golf/29" xmltv_id="Viasat Golf">Viasat Golf</channel>
    <channel update="i" site="tvprograma.lt" site_id="viasat-golf-hd/280" xmltv_id="Viasat Golf HD">Viasat Golf HD</channel>
    <channel update="i" site="tvprograma.lt" site_id="viasat-hockey/154" xmltv_id="Viasat Hockey">Viasat Hockey</channel>
    <channel update="i" site="tvprograma.lt" site_id="viasat-sport/278" xmltv_id="Viasat Sport">Viasat Sport</channel>
    <channel update="i" site="tvprograma.lt" site_id="viasat-sport-hd/279" xmltv_id="Viasat Sport HD">Viasat Sport HD</channel>
    <channel update="i" site="tvprograma.lt" site_id="russkij-extreme/208" xmltv_id="Russkij Extreme">Russkij Extreme</channel>
    <channel update="i" site="tvprograma.lt" site_id="viasat-motor/273" xmltv_id="Viasat Motor">Viasat Motor</channel>
    <channel update="i" site="tvprograma.lt" site_id="viasat-motor-hd/274" xmltv_id="Viasat Motor HD">Viasat Motor HD</channel>
    <channel update="i" site="tvprograma.lt" site_id="boec/63" xmltv_id="Boec">Boec</channel>
    <channel update="i" site="tvprograma.lt" site_id="auto-plius/103" xmltv_id="Auto Plius">Auto Plius</channel>
    <channel update="i" site="tvprograma.lt" site_id="tvp-sport/195" xmltv_id="TVP Sport">TVP Sport</channel>
    <channel update="i" site="tvprograma.lt" site_id="khl-tv/207" xmltv_id="KHL TV">KHL TV</channel>
    <channel update="i" site="tvprograma.lt" site_id="fuel-tv/313" xmltv_id="Fuel TV">Fuel TV</channel>
    <channel update="i" site="tvprograma.lt" site_id="discovery-turbo-xtra/323" xmltv_id="Discovery turbo Xtra">Discovery turbo Xtra</channel>
    <channel update="i" site="tvprograma.lt" site_id="tv1000/16" xmltv_id="TV1000">TV1000</channel>
    <channel update="i" site="tvprograma.lt" site_id="tv1000-premium/18" xmltv_id="TV1000 Premium">TV1000 Premium</channel>
    <channel update="i" site="tvprograma.lt" site_id="tv1000-action/183" xmltv_id="TV1000 Action">TV1000 Action</channel>
    <channel update="i" site="tvprograma.lt" site_id="tv1000-russkoje-kino/17" xmltv_id="TV1000 Russkoje kino">TV1000 Russkoje kino</channel>
    <channel update="i" site="tvprograma.lt" site_id="balticum-auksinis/101" xmltv_id="Balticum auksinis">Balticum auksinis</channel>
    <channel update="i" site="tvprograma.lt" site_id="diva-universal/177" xmltv_id="Diva universal">Diva universal</channel>
    <channel update="i" site="tvprograma.lt" site_id="dom-kino/70" xmltv_id="Dom Kino">Dom Kino</channel>
    <channel update="i" site="tvprograma.lt" site_id="tv-xxi/141" xmltv_id="TV XXI">TV XXI</channel>
    <channel update="i" site="tvprograma.lt" site_id="kinoklub/57" xmltv_id="Kinoklub">Kinoklub</channel>
    <channel update="i" site="tvprograma.lt" site_id="nase-kino/39" xmltv_id="Nase kino">Nase kino</channel>
    <channel update="i" site="tvprograma.lt" site_id="nase-liubimoje-kino/265" xmltv_id="Nase Liubimoje Kino">Nase Liubimoje Kino</channel>
    <channel update="i" site="tvprograma.lt" site_id="mnogo-tv/65" xmltv_id="Mnogo TV">Mnogo TV</channel>
    <channel update="i" site="tvprograma.lt" site_id="kinopokaz/272" xmltv_id="Kinopokaz">Kinopokaz</channel>
    <channel update="i" site="tvprograma.lt" site_id="russkij-iliuzionist/243" xmltv_id="Russkij Iliuzionist">Russkij Iliuzionist</channel>
    <channel update="i" site="tvprograma.lt" site_id="teleklub/67" xmltv_id="Teleklub">Teleklub</channel>
    <channel update="i" site="tvprograma.lt" site_id="tnt-film/198" xmltv_id="TNT FILM">TNT FILM</channel>
    <channel update="i" site="tvprograma.lt" site_id="tcm/92" xmltv_id="TCM">TCM</channel>
    <channel update="i" site="tvprograma.lt" site_id="tv1000-comedy/277" xmltv_id="TV1000 Comedy">TV1000 Comedy</channel>
    <channel update="i" site="tvprograma.lt" site_id="tv1000-comedy-hd/281" xmltv_id="TV1000 Comedy HD">TV1000 Comedy HD</channel>
    <channel update="i" site="tvprograma.lt" site_id="tv1000-premium-hd/275" xmltv_id="TV1000 Premium HD">TV1000 Premium HD</channel>
    <channel update="i" site="tvprograma.lt" site_id="tv1000-megahit/276" xmltv_id="TV1000 Megahit">TV1000 Megahit</channel>
    <channel update="i" site="tvprograma.lt" site_id="tv1000-megahit-hd/282" xmltv_id="TV1000 Megahit HD">TV1000 Megahit HD</channel>
    <channel update="i" site="tvprograma.lt" site_id="tvp-seriale/194" xmltv_id="TVP Seriale">TVP Seriale</channel>
    <channel update="i" site="tvprograma.lt" site_id="indija/66" xmltv_id="Indija">Indija</channel>
    <channel update="i" site="tvprograma.lt" site_id="universal/140" xmltv_id="Universal">Universal</channel>
    <channel update="i" site="tvprograma.lt" site_id="fox-life/85" xmltv_id="FOX Life">FOX Life</channel>
    <channel update="i" site="tvprograma.lt" site_id="fox/84" xmltv_id="FOX">FOX</channel>
    <channel update="i" site="tvprograma.lt" site_id="rtl-nitro/215" xmltv_id="RTL Nitro">RTL Nitro</channel>
    <channel update="i" site="tvprograma.lt" site_id="rtl-crime/216" xmltv_id="RTL Crime">RTL Crime</channel>
    <channel update="i" site="tvprograma.lt" site_id="passion/218" xmltv_id="Passion">Passion</channel>
    <channel update="i" site="tvprograma.lt" site_id="retro-tv/242" xmltv_id="Retro TV">Retro TV</channel>
    <channel update="i" site="tvprograma.lt" site_id="tv1000-east/296" xmltv_id="TV1000 East">TV1000 East</channel>
    <channel update="i" site="tvprograma.lt" site_id="k1-movie-channel/285" xmltv_id="K1 movie channel">K1 movie channel</channel>
    <channel update="i" site="tvprograma.lt" site_id="hd1-movie-channel/286" xmltv_id="HD1 movie channel">HD1 movie channel</channel>
    <channel update="i" site="tvprograma.lt" site_id="k2-movie-channel/287" xmltv_id="K2 movie channel">K2 movie channel</channel>
    <channel update="i" site="tvprograma.lt" site_id="kabel-eins/302" xmltv_id="Kabel Eins">Kabel Eins</channel>
    <channel update="i" site="tvprograma.lt" site_id="filmzone/320" xmltv_id="FilmZone">FilmZone</channel>
    <channel update="i" site="tvprograma.lt" site_id="filmzone/321" xmltv_id="FilmZone+">FilmZone+</channel>
    <channel update="i" site="tvprograma.lt" site_id="balticum-platinum/322" xmltv_id="Balticum Platinum">Balticum Platinum</channel>
    <channel update="i" site="tvprograma.lt" site_id="rtvi/36" xmltv_id="RTVi">RTVi</channel>
    <channel update="i" site="tvprograma.lt" site_id="sts-ctc/54" xmltv_id="STS-CTC">STS-CTC</channel>
    <channel update="i" site="tvprograma.lt" site_id="ntv/48" xmltv_id="NTV">NTV</channel>
    <channel update="i" site="tvprograma.lt" site_id="ont/2" xmltv_id="ONT">ONT</channel>
    <channel update="i" site="tvprograma.lt" site_id="1-kanal/98" xmltv_id="1 kanal">1 kanal</channel>
    <channel update="i" site="tvprograma.lt" site_id="rtr-planeta/8" xmltv_id="RTR Planeta">RTR Planeta</channel>
    <channel update="i" site="tvprograma.lt" site_id="ajaratv/62" xmltv_id="AjaraTV">AjaraTV</channel>
    <channel update="i" site="tvprograma.lt" site_id="baltarusijos-tv/153" xmltv_id="Baltarusijos TV">Baltarusijos TV</channel>
    <channel update="i" site="tvprograma.lt" site_id="darial-tv---dtv/53" xmltv_id="Darial TV - ДТВ">Darial TV - ДТВ</channel>
    <channel update="i" site="tvprograma.lt" site_id="inter/229" xmltv_id="Inter+">Inter+</channel>
    <channel update="i" site="tvprograma.lt" site_id="interesnoe-tv/257" xmltv_id="Interesnoe TV">Interesnoe TV</channel>
    <channel update="i" site="tvprograma.lt" site_id="kto-is-kto/246" xmltv_id="Kto is Kto">Kto is Kto</channel>
    <channel update="i" site="tvprograma.lt" site_id="la-minor/64" xmltv_id="La Minor">La Minor</channel>
    <channel update="i" site="tvprograma.lt" site_id="mir/71" xmltv_id="MIR">MIR</channel>
    <channel update="i" site="tvprograma.lt" site_id="rosija/50" xmltv_id="Rosija">Rosija</channel>
    <channel update="i" site="tvprograma.lt" site_id="rbc/209" xmltv_id="RBC">RBC</channel>
    <channel update="i" site="tvprograma.lt" site_id="russian-travel-guide/245" xmltv_id="Russian Travel Guide">Russian Travel Guide</channel>
    <channel update="i" site="tvprograma.lt" site_id="s-tv/256" xmltv_id="S-TV">S-TV</channel>
    <channel update="i" site="tvprograma.lt" site_id="soversheno-sekretno/255" xmltv_id="Soversheno sekretno">Soversheno sekretno</channel>
    <channel update="i" site="tvprograma.lt" site_id="tvci/41" xmltv_id="TVCi">TVCi</channel>
    <channel update="i" site="tvprograma.lt" site_id="tvc/56" xmltv_id="ТВЦ">ТВЦ</channel>
    <channel update="i" site="tvprograma.lt" site_id="tnt/49" xmltv_id="TNT">TNT</channel>
    <channel update="i" site="tvprograma.lt" site_id="tv-vremia/250" xmltv_id="TV vremia">TV vremia</channel>
    <channel update="i" site="tvprograma.lt" site_id="tv-3ru/52" xmltv_id="TV-3(ru)">TV-3(ru)</channel>
    <channel update="i" site="tvprograma.lt" site_id="usadba-tv/61" xmltv_id="Usadba TV">Usadba TV</channel>
    <channel update="i" site="tvprograma.lt" site_id="zdorovoe-tv/269" xmltv_id="Zdorovoe TV">Zdorovoe TV</channel>
    <channel update="i" site="tvprograma.lt" site_id="24techno/262" xmltv_id="24Techno">24Techno</channel>
    <channel update="i" site="tvprograma.lt" site_id="rtr-planeta-baltija/43" xmltv_id="RTR Planeta Baltija">RTR Planeta Baltija</channel>
    <channel update="i" site="tvprograma.lt" site_id="ntv-mir-lietuva/7" xmltv_id="NTV Mir Lietuva">NTV Mir Lietuva</channel>
    <channel update="i" site="tvprograma.lt" site_id="telecafe/314" xmltv_id="Telecafe">Telecafe</channel>
    <channel update="i" site="tvprograma.lt" site_id="dozd/312" xmltv_id="Dožd">Dožd</channel>
    <channel update="i" site="tvprograma.lt" site_id="zhivi/315" xmltv_id="Zhivi!">Zhivi!</channel>
    <channel update="i" site="tvprograma.lt" site_id="russia-24/316" xmltv_id="Russia 24">Russia 24</channel>
    <channel update="i" site="tvprograma.lt" site_id="muzyka-pervogo/318" xmltv_id="Muzyka Pervogo">Muzyka Pervogo</channel>
    <channel update="i" site="tvprograma.lt" site_id="viasat-explorer/19" xmltv_id="Viasat Explorer">Viasat Explorer</channel>
    <channel update="i" site="tvprograma.lt" site_id="viasat-history/20" xmltv_id="Viasat History">Viasat History</channel>
    <channel update="i" site="tvprograma.lt" site_id="national-geographic/22" xmltv_id="National Geographic">National Geographic</channel>
    <channel update="i" site="tvprograma.lt" site_id="animal-planet/38" xmltv_id="Animal planet">Animal planet</channel>
    <channel update="i" site="tvprograma.lt" site_id="viasat-nature/184" xmltv_id="Viasat Nature">Viasat Nature</channel>
    <channel update="i" site="tvprograma.lt" site_id="discovery-science/79" xmltv_id="Discovery Science">Discovery Science</channel>
    <channel update="i" site="tvprograma.lt" site_id="discovery-world/112" xmltv_id="Discovery World">Discovery World</channel>
    <channel update="i" site="tvprograma.lt" site_id="discovery-id/203" xmltv_id="Discovery ID">Discovery ID</channel>
    <channel update="i" site="tvprograma.lt" site_id="discovery-hd-showcase/202" xmltv_id="Discovery HD Showcase">Discovery HD Showcase</channel>
    <channel update="i" site="tvprograma.lt" site_id="travel-channel/21" xmltv_id="Travel channel">Travel channel</channel>
    <channel update="i" site="tvprograma.lt" site_id="national-geographic-hd/130" xmltv_id="National Geographic HD">National Geographic HD</channel>
    <channel update="i" site="tvprograma.lt" site_id="national-geographic-wild/131" xmltv_id="National Geographic Wild">National Geographic Wild</channel>
    <channel update="i" site="tvprograma.lt" site_id="history-channel/204" xmltv_id="History Channel">History Channel</channel>
    <channel update="i" site="tvprograma.lt" site_id="history-channel-hd/205" xmltv_id="History Channel HD">History Channel HD</channel>
    <channel update="i" site="tvprograma.lt" site_id="arte/227" xmltv_id="Arte">Arte</channel>
    <channel update="i" site="tvprograma.lt" site_id="ewtn/266" xmltv_id="EWTN">EWTN</channel>
    <channel update="i" site="tvprograma.lt" site_id="da-vinci-learning/268" xmltv_id="Da Vinci Learning">Da Vinci Learning</channel>
    <channel update="i" site="tvprograma.lt" site_id="fine-living-network/237" xmltv_id="Fine living network">Fine living network</channel>
    <channel update="i" site="tvprograma.lt" site_id="food-network/267" xmltv_id="Food Network">Food Network</channel>
    <channel update="i" site="tvprograma.lt" site_id="sarafan/179" xmltv_id="Sarafan">Sarafan</channel>
    <channel update="i" site="tvprograma.lt" site_id="mat-i-ditia/241" xmltv_id="Mat I ditia">Mat I ditia</channel>
    <channel update="i" site="tvprograma.lt" site_id="kuchnia-tv/73" xmltv_id="Kuchnia TV">Kuchnia TV</channel>
    <channel update="i" site="tvprograma.lt" site_id="tve-internacional/225" xmltv_id="TVE internacional">TVE internacional</channel>
    <channel update="i" site="tvprograma.lt" site_id="tvp-historia/191" xmltv_id="TVP Historia">TVP Historia</channel>
    <channel update="i" site="tvprograma.lt" site_id="tvp-kultura/193" xmltv_id="TVP Kultura">TVP Kultura</channel>
    <channel update="i" site="tvprograma.lt" site_id="tv7/221" xmltv_id="TV7">TV7</channel>
    <channel update="i" site="tvprograma.lt" site_id="tlc/222" xmltv_id="TLC">TLC</channel>
    <channel update="i" site="tvprograma.lt" site_id="tv5-monde-europe/136" xmltv_id="TV5 MONDE (Europe)">TV5 MONDE (Europe)</channel>
    <channel update="i" site="tvprograma.lt" site_id="24doc/259" xmltv_id="24Doc">24Doc</channel>
    <channel update="i" site="tvprograma.lt" site_id="nauka-20/298" xmltv_id="Nauka 2.0">Nauka 2.0</channel>
    <channel update="i" site="tvprograma.lt" site_id="moya-planeta/297" xmltv_id="Moya Planeta">Moya Planeta</channel>
    <channel update="i" site="tvprograma.lt" site_id="animal-planet-hd/292" xmltv_id="Animal planet HD">Animal planet HD</channel>
    <channel update="i" site="tvprograma.lt" site_id="oruzhie-tv/299" xmltv_id="Oruzhie TV">Oruzhie TV</channel>
    <channel update="i" site="tvprograma.lt" site_id="sony-entertainment/264" xmltv_id="SONY Entertainment">SONY Entertainment</channel>
    <channel update="i" site="tvprograma.lt" site_id="playboy-tv/132" xmltv_id="Playboy TV">Playboy TV</channel>
    <channel update="i" site="tvprograma.lt" site_id="entertainment-tv/114" xmltv_id="Entertainment TV">Entertainment TV</channel>
    <channel update="i" site="tvprograma.lt" site_id="blue-hustler/76" xmltv_id="BLUE HUSTLER">BLUE HUSTLER</channel>
    <channel update="i" site="tvprograma.lt" site_id="cbs-reality/91" xmltv_id="CBS Reality">CBS Reality</channel>
    <channel update="i" site="tvprograma.lt" site_id="cbs-drama/107" xmltv_id="CBS Drama">CBS Drama</channel>
    <channel update="i" site="tvprograma.lt" site_id="ochota-i-rybalka/69" xmltv_id="Ochota i rybalka">Ochota i rybalka</channel>
    <channel update="i" site="tvprograma.lt" site_id="bbc-entertainment/290" xmltv_id="BBC Entertainment">BBC Entertainment</channel>
    <channel update="i" site="tvprograma.lt" site_id="comedy-tv/249" xmltv_id="Comedy TV">Comedy TV</channel>
    <channel update="i" site="tvprograma.lt" site_id="drive-tv/68" xmltv_id="Drive TV">Drive TV</channel>
    <channel update="i" site="tvprograma.lt" site_id="fashion-tv/86" xmltv_id="Fashion TV">Fashion TV</channel>
    <channel update="i" site="tvprograma.lt" site_id="fashion-tv-hd/289" xmltv_id="Fashion TV HD">Fashion TV HD</channel>
    <channel update="i" site="tvprograma.lt" site_id="oe/238" xmltv_id="OE">OE</channel>
    <channel update="i" site="tvprograma.lt" site_id="luxe-tv/125" xmltv_id="Luxe TV">Luxe TV</channel>
    <channel update="i" site="tvprograma.lt" site_id="rtl-living/217" xmltv_id="RTL Living">RTL Living</channel>
    <channel update="i" site="tvprograma.lt" site_id="star-baltics/200" xmltv_id="Star! Baltics">Star! Baltics</channel>
    <channel update="i" site="tvprograma.lt" site_id="tdk/72" xmltv_id="TDK">TDK</channel>
    <channel update="i" site="tvprograma.lt" site_id="world-fashion-channel/139" xmltv_id="World Fashion Channel">World Fashion Channel</channel>
    <channel update="i" site="tvprograma.lt" site_id="sony-turbo/293" xmltv_id="Sony Turbo">Sony Turbo</channel>
    <channel update="i" site="tvprograma.lt" site_id="outdoor-channel/295" xmltv_id="Outdoor Channel">Outdoor Channel</channel>
    <channel update="i" site="tvprograma.lt" site_id="trace-sport-stars/304" xmltv_id="Trace Sport Stars">Trace Sport Stars</channel>
    <channel update="i" site="tvprograma.lt" site_id="crime--investigation/311" xmltv_id="Crime &amp; Investigation">Crime &amp; Investigation</channel>
    <channel update="i" site="tvprograma.lt" site_id="zvaigzde/212" xmltv_id="Žvaigždė">Žvaigždė</channel>
    <channel update="i" site="tvprograma.lt" site_id="muz-tv/46" xmltv_id="Muz TV">Muz TV</channel>
    <channel update="i" site="tvprograma.lt" site_id="mtv/12" xmltv_id="MTV">MTV</channel>
    <channel update="i" site="tvprograma.lt" site_id="mezzo/126" xmltv_id="MEZZO">MEZZO</channel>
    <channel update="i" site="tvprograma.lt" site_id="vh1-europe/93" xmltv_id="VH1 Europe">VH1 Europe</channel>
    <channel update="i" site="tvprograma.lt" site_id="vh1-classic/137" xmltv_id="VH1 Classic">VH1 Classic</channel>
    <channel update="i" site="tvprograma.lt" site_id="iconcerts/219" xmltv_id="iConcerts">iConcerts</channel>
    <channel update="i" site="tvprograma.lt" site_id="c-music-tv/288" xmltv_id="C MUSIC TV">C MUSIC TV</channel>
    <channel update="i" site="tvprograma.lt" site_id="deluxe-music/234" xmltv_id="Deluxe music">Deluxe music</channel>
    <channel update="i" site="tvprograma.lt" site_id="mtv-dance/127" xmltv_id="MTV Dance">MTV Dance</channel>
    <channel update="i" site="tvprograma.lt" site_id="mtv-hits/128" xmltv_id="MTV Hits">MTV Hits</channel>
    <channel update="i" site="tvprograma.lt" site_id="mtv-rocks/129" xmltv_id="MTV Rocks">MTV Rocks</channel>
    <channel update="i" site="tvprograma.lt" site_id="mezzo-live-hd/220" xmltv_id="Mezzo Live HD">Mezzo Live HD</channel>
    <channel update="i" site="tvprograma.lt" site_id="schanson-tv/253" xmltv_id="Schanson tv">Schanson tv</channel>
    <channel update="i" site="tvprograma.lt" site_id="viva/94" xmltv_id="VIVA">VIVA</channel>
    <channel update="i" site="tvprograma.lt" site_id="mcm-pop/294" xmltv_id="MCM POP">MCM POP</channel>
    <channel update="i" site="tvprograma.lt" site_id="mcm-top/233" xmltv_id="MCM TOP">MCM TOP</channel>
    <channel update="i" site="tvprograma.lt" site_id="ru-tv/300" xmltv_id="Ru TV">Ru TV</channel>
    <channel update="i" site="tvprograma.lt" site_id="trace-urban/303" xmltv_id="Trace Urban">Trace Urban</channel>
    <channel update="i" site="tvprograma.lt" site_id="play-tv/306" xmltv_id="Play TV">Play TV</channel>
    <channel update="i" site="tvprograma.lt" site_id="mtv-live-hd/308" xmltv_id="MTV Live HD">MTV Live HD</channel>
    <channel update="i" site="tvprograma.lt" site_id="mtv-music/309" xmltv_id="MTV Music">MTV Music</channel>
    <channel update="i" site="tvprograma.lt" site_id="cartoon-network/77" xmltv_id="Cartoon Network">Cartoon Network</channel>
    <channel update="i" site="tvprograma.lt" site_id="boomerang/111" xmltv_id="Boomerang">Boomerang</channel>
    <channel update="i" site="tvprograma.lt" site_id="nickelodeon/90" xmltv_id="Nickelodeon">Nickelodeon</channel>
    <channel update="i" site="tvprograma.lt" site_id="pingviniukas-tv/211" xmltv_id="PinGviniUkas TV">PinGviniUkas TV</channel>
    <channel update="i" site="tvprograma.lt" site_id="babytv/110" xmltv_id="BabyTV">BabyTV</channel>
    <channel update="i" site="tvprograma.lt" site_id="detski-mir/60" xmltv_id="Detski mir">Detski mir</channel>
    <channel update="i" site="tvprograma.lt" site_id="jimjam/254" xmltv_id="JimJam">JimJam</channel>
    <channel update="i" site="tvprograma.lt" site_id="nick-jr/239" xmltv_id="Nick Jr">Nick Jr</channel>
    <channel update="i" site="tvprograma.lt" site_id="disney/88" xmltv_id="Disney">Disney</channel>
    <channel update="i" site="tvprograma.lt" site_id="disney-xd/87" xmltv_id="Disney XD">Disney XD</channel>
    <channel update="i" site="tvprograma.lt" site_id="disney-junior/224" xmltv_id="Disney Junior">Disney Junior</channel>
    <channel update="i" site="tvprograma.lt" site_id="kika/124" xmltv_id="KiKa">KiKa</channel>
    <channel update="i" site="tvprograma.lt" site_id="karusel-international/248" xmltv_id="Karusel International">Karusel International</channel>
    <channel update="i" site="tvprograma.lt" site_id="super-rtl/214" xmltv_id="Super RTL">Super RTL</channel>
    <channel update="i" site="tvprograma.lt" site_id="kidzone-tv/307" xmltv_id="KidZone TV">KidZone TV</channel>
    <channel update="i" site="tvprograma.lt" site_id="duck-tv/283" xmltv_id="Duck TV">Duck TV</channel>
    <channel update="i" site="tvprograma.lt" site_id="duck-tv-hd/284" xmltv_id="Duck TV HD">Duck TV HD</channel>
    <channel update="i" site="tvprograma.lt" site_id="nickelodeon-hd/310" xmltv_id="Nickelodeon HD">Nickelodeon HD</channel>
    <channel update="i" site="tvprograma.lt" site_id="lrt-lituanica/196" xmltv_id="LRT LITUANICA">LRT LITUANICA</channel>
    <channel update="i" site="tvprograma.lt" site_id="init/147" xmltv_id="Init">Init</channel>
    <channel update="i" site="tvprograma.lt" site_id="pukas-tv/178" xmltv_id="Pūkas TV">Pūkas TV</channel>
    <channel update="i" site="tvprograma.lt" site_id="balticum/102" xmltv_id="Balticum">Balticum</channel>
    <channel update="i" site="tvprograma.lt" site_id="dzukijos-tv/148" xmltv_id="Dzūkijos TV">Dzūkijos TV</channel>
    <channel update="i" site="tvprograma.lt" site_id="pantv/144" xmltv_id="PanTV">PanTV</channel>
    <channel update="i" site="tvprograma.lt" site_id="splius/142" xmltv_id="Splius">Splius</channel>
    <channel update="i" site="tvprograma.lt" site_id="stv/145" xmltv_id="STV">STV</channel>
    <channel update="i" site="tvprograma.lt" site_id="tv3-latvia/185" xmltv_id="TV3 Latvia">TV3 Latvia</channel>
    <channel update="i" site="tvprograma.lt" site_id="rtl/32" xmltv_id="RTL">RTL</channel>
    <channel update="i" site="tvprograma.lt" site_id="rtl-2/134" xmltv_id="RTL 2">RTL 2</channel>
    <channel update="i" site="tvprograma.lt" site_id="das-erste/291" xmltv_id="Das Erste">Das Erste</channel>
    <channel update="i" site="tvprograma.lt" site_id="3sat/109" xmltv_id="3Sat">3Sat</channel>
    <channel update="i" site="tvprograma.lt" site_id="pro7/133" xmltv_id="PRO7">PRO7</channel>
    <channel update="i" site="tvprograma.lt" site_id="vox/138" xmltv_id="VOX">VOX</channel>
    <channel update="i" site="tvprograma.lt" site_id="sat1/226" xmltv_id="SAT1">SAT1</channel>
    <channel update="i" site="tvprograma.lt" site_id="tvp1/13" xmltv_id="TVP1">TVP1</channel>
    <channel update="i" site="tvprograma.lt" site_id="tvp2/14" xmltv_id="TVP2">TVP2</channel>
    <channel update="i" site="tvprograma.lt" site_id="tv-polonia/15" xmltv_id="TV Polonia">TV Polonia</channel>
    <channel update="i" site="tvprograma.lt" site_id="tvp-hd/190" xmltv_id="TVP HD">TVP HD</channel>
    <channel update="i" site="tvprograma.lt" site_id="tvp-info/192" xmltv_id="TVP Info">TVP Info</channel>
    <channel update="i" site="tvprograma.lt" site_id="bbc-world/104" xmltv_id="BBC World">BBC World</channel>
    <channel update="i" site="tvprograma.lt" site_id="bloomberg/106" xmltv_id="Bloomberg">Bloomberg</channel>
    <channel update="i" site="tvprograma.lt" site_id="cnn-international/81" xmltv_id="CNN International">CNN International</channel>
    <channel update="i" site="tvprograma.lt" site_id="cnbc-europe/80" xmltv_id="CNBC Europe">CNBC Europe</channel>
    <channel update="i" site="tvprograma.lt" site_id="euronews/116" xmltv_id="Euronews">Euronews</channel>
    <channel update="i" site="tvprograma.lt" site_id="deutsche-welle/232" xmltv_id="Deutsche Welle">Deutsche Welle</channel>
    <channel update="i" site="tvprograma.lt" site_id="skynews-international/210" xmltv_id="SkyNews International">SkyNews International</channel>
    <channel update="i" site="tvprograma.lt" site_id="france-24/120" xmltv_id="France 24">France 24</channel>
    <channel update="i" site="tvprograma.lt" site_id="rai-uno/228" xmltv_id="RAI Uno">RAI Uno</channel>
    <channel update="i" site="tvprograma.lt" site_id="aljazeera/252" xmltv_id="Aljazeera">Aljazeera</channel>
    <channel update="i" site="tvprograma.lt" site_id="arirang-tv/251" xmltv_id="Arirang TV">Arirang TV</channel>
    <channel update="i" site="tvprograma.lt" site_id="cctv-9/235" xmltv_id="CCTV-9">CCTV-9</channel>
    <channel update="i" site="tvprograma.lt" site_id="n-tv/213" xmltv_id="N-TV">N-TV</channel>
    <channel update="i" site="tvprograma.lt" site_id="nhk-world/240" xmltv_id="NHK World">NHK World</channel>
    <channel update="i" site="tvprograma.lt" site_id="rosija-today/247" xmltv_id="Rosija today">Rosija today</channel>
    <channel update="i" site="tvprograma.lt" site_id="tele5/236" xmltv_id="Tele5">Tele5</channel>
    <channel update="i" site="tvprograma.lt" site_id="init-ekstra-tv/305" xmltv_id="Init Ekstra TV">Init Ekstra TV</channel>
    <channel update="i" site="tvprograma.lt" site_id="marijampoles-televizija/319" xmltv_id="Marijampolės televizija">Marijampolės televizija</channel>
  </channels>
</site>