﻿<?xml version="1.0" encoding="UTF-8"?>
<site generator-info-name="WebGrab+Plus/w MDB &amp; REX Postprocess -- version 1.1.1/53.16 -- Jan van Straaten" site="telkku.com">
  <channels>
    <channel update="i" site="telkku.com" site_id="17" xmltv_id="AVA">AVA</channel>
    <channel update="i" site="telkku.com" site_id="67" xmltv_id="Al Jazeera">Al Jazeera</channel>
    <channel update="i" site="telkku.com" site_id="52" xmltv_id="Animal Planet">Animal Planet</channel>
    <channel update="i" site="telkku.com" site_id="102" xmltv_id="Animal Planet HD">Animal Planet HD</channel>
    <channel update="i" site="telkku.com" site_id="75" xmltv_id="BBC Entertainment">BBC Entertainment</channel>
    <channel update="i" site="telkku.com" site_id="107" xmltv_id="BBC HD">BBC HD</channel>
    <channel update="i" site="telkku.com" site_id="76" xmltv_id="BBC Knowledge">BBC Knowledge</channel>
    <channel update="i" site="telkku.com" site_id="74" xmltv_id="BBC Lifestyle">BBC Lifestyle</channel>
    <channel update="i" site="telkku.com" site_id="68" xmltv_id="BBC World">BBC World</channel>
    <channel update="i" site="telkku.com" site_id="99" xmltv_id="Barnkanalen">Barnkanalen</channel>
    <channel update="i" site="telkku.com" site_id="69" xmltv_id="Bloomberg Television">Bloomberg Television</channel>
    <channel update="i" site="telkku.com" site_id="30" xmltv_id="C More Action">C More Action</channel>
    <channel update="i" site="telkku.com" site_id="27" xmltv_id="C More Emotion">C More Emotion</channel>
    <channel update="i" site="telkku.com" site_id="124" xmltv_id="C More Extreme">C More Extreme</channel>
    <channel update="i" site="telkku.com" site_id="28" xmltv_id="C More First">C More First</channel>
    <channel update="i" site="telkku.com" site_id="37" xmltv_id="C More First HD">C More First HD</channel>
    <channel update="i" site="telkku.com" site_id="29" xmltv_id="C More Hits">C More Hits</channel>
    <channel update="i" site="telkku.com" site_id="121" xmltv_id="C More Hits HD">C More Hits HD</channel>
    <channel update="i" site="telkku.com" site_id="117" xmltv_id="C More Kids">C More Kids</channel>
    <channel update="i" site="telkku.com" site_id="31" xmltv_id="C More Series">C More Series</channel>
    <channel update="i" site="telkku.com" site_id="122" xmltv_id="C More Series HD">C More Series HD</channel>
    <channel update="i" site="telkku.com" site_id="34" xmltv_id="C More Tennis">C More Tennis</channel>
    <channel update="i" site="telkku.com" site_id="70" xmltv_id="CNBC">CNBC</channel>
    <channel update="i" site="telkku.com" site_id="71" xmltv_id="CNN">CNN</channel>
    <channel update="i" site="telkku.com" site_id="57" xmltv_id="Cartoon Network">Cartoon Network</channel>
    <channel update="i" site="telkku.com" site_id="80" xmltv_id="Deutsche Welle">Deutsche Welle</channel>
    <channel update="i" site="telkku.com" site_id="51" xmltv_id="Discovery Channel">Discovery Channel</channel>
    <channel update="i" site="telkku.com" site_id="109" xmltv_id="Discovery HD Showcase ">Discovery HD Showcase </channel>
    <channel update="i" site="telkku.com" site_id="55" xmltv_id="Discovery Science">Discovery Science</channel>
    <channel update="i" site="telkku.com" site_id="54" xmltv_id="Discovery World">Discovery World</channel>
    <channel update="i" site="telkku.com" site_id="58" xmltv_id="Disney Channel">Disney Channel</channel>
    <channel update="i" site="telkku.com" site_id="60" xmltv_id="Disney Junior">Disney Junior</channel>
    <channel update="i" site="telkku.com" site_id="59" xmltv_id="Disney XD">Disney XD</channel>
    <channel update="i" site="telkku.com" site_id="23" xmltv_id="ESPN America">ESPN America</channel>
    <channel update="i" site="telkku.com" site_id="26" xmltv_id="ESPN Classic">ESPN Classic</channel>
    <channel update="i" site="telkku.com" site_id="73" xmltv_id="EuroNews">EuroNews</channel>
    <channel update="i" site="telkku.com" site_id="20" xmltv_id="Eurosport">Eurosport</channel>
    <channel update="i" site="telkku.com" site_id="21" xmltv_id="Eurosport 2">Eurosport 2</channel>
    <channel update="i" site="telkku.com" site_id="22" xmltv_id="Extreme Sports">Extreme Sports</channel>
    <channel update="i" site="telkku.com" site_id="12" xmltv_id="FOX">FOX</channel>
    <channel update="i" site="telkku.com" site_id="89" xmltv_id="Fashion TV">Fashion TV</channel>
    <channel update="i" site="telkku.com" site_id="101" xmltv_id="Investigation Discovery">Investigation Discovery</channel>
    <channel update="i" site="telkku.com" site_id="7" xmltv_id="JIM">JIM</channel>
    <channel update="i" site="telkku.com" site_id="95" xmltv_id="Kanal5">Kanal5</channel>
    <channel update="i" site="telkku.com" site_id="115" xmltv_id="Kutonen">Kutonen</channel>
    <channel update="i" site="telkku.com" site_id="11" xmltv_id="Liv">Liv</channel>
    <channel update="i" site="telkku.com" site_id="64" xmltv_id="MTV Dance">MTV Dance</channel>
    <channel update="i" site="telkku.com" site_id="15" xmltv_id="MTV Fakta">MTV Fakta</channel>
    <channel update="i" site="telkku.com" site_id="19" xmltv_id="MTV Fakta XL">MTV Fakta XL</channel>
    <channel update="i" site="telkku.com" site_id="62" xmltv_id="MTV Finland">MTV Finland</channel>
    <channel update="i" site="telkku.com" site_id="105" xmltv_id="MTV HD LIVE">MTV HD LIVE</channel>
    <channel update="i" site="telkku.com" site_id="16" xmltv_id="MTV Juniori">MTV Juniori</channel>
    <channel update="i" site="telkku.com" site_id="110" xmltv_id="MTV Komedia">MTV Komedia</channel>
    <channel update="i" site="telkku.com" site_id="14" xmltv_id="MTV Leffa">MTV Leffa</channel>
    <channel update="i" site="telkku.com" site_id="13" xmltv_id="MTV MAX">MTV MAX</channel>
    <channel update="i" site="telkku.com" site_id="119" xmltv_id="MTV MAX Premier HD">MTV MAX Premier HD</channel>
    <channel update="i" site="telkku.com" site_id="63" xmltv_id="MTV ROCKS">MTV ROCKS</channel>
    <channel update="i" site="telkku.com" site_id="18" xmltv_id="MTV Sarja">MTV Sarja</channel>
    <channel update="i" site="telkku.com" site_id="33" xmltv_id="MTV Sport 1">MTV Sport 1</channel>
    <channel update="i" site="telkku.com" site_id="123" xmltv_id="MTV Sport 1 HD">MTV Sport 1 HD</channel>
    <channel update="i" site="telkku.com" site_id="111" xmltv_id="MTV Sport 2">MTV Sport 2</channel>
    <channel update="i" site="telkku.com" site_id="3" xmltv_id="MTV3">MTV3</channel>
    <channel update="i" site="telkku.com" site_id="118" xmltv_id="Motors TV ">Motors TV </channel>
    <channel update="i" site="telkku.com" site_id="53" xmltv_id="National Geographic">National Geographic</channel>
    <channel update="i" site="telkku.com" site_id="4" xmltv_id="Nelonen">Nelonen</channel>
    <channel update="i" site="telkku.com" site_id="114" xmltv_id="Nelonen Maailma">Nelonen Maailma</channel>
    <channel update="i" site="telkku.com" site_id="113" xmltv_id="Nelonen Nappula">Nelonen Nappula</channel>
    <channel update="i" site="telkku.com" site_id="84" xmltv_id="Nelonen Prime">Nelonen Prime</channel>
    <channel update="i" site="telkku.com" site_id="24" xmltv_id="Nelonen Pro 1">Nelonen Pro 1</channel>
    <channel update="i" site="telkku.com" site_id="8" xmltv_id="Nelonen Pro 2">Nelonen Pro 2</channel>
    <channel update="i" site="telkku.com" site_id="61" xmltv_id="Nickelodeon">Nickelodeon</channel>
    <channel update="i" site="telkku.com" site_id="90" xmltv_id="Playboy TV">Playboy TV</channel>
    <channel update="i" site="telkku.com" site_id="100" xmltv_id="RTL">RTL</channel>
    <channel update="i" site="telkku.com" site_id="32" xmltv_id="SF-kanalen">SF-kanalen</channel>
    <channel update="i" site="telkku.com" site_id="91" xmltv_id="SVT 1">SVT 1</channel>
    <channel update="i" site="telkku.com" site_id="92" xmltv_id="SVT 2">SVT 2</channel>
    <channel update="i" site="telkku.com" site_id="97" xmltv_id="SVT World">SVT World</channel>
    <channel update="i" site="telkku.com" site_id="103" xmltv_id="SVT24">SVT24</channel>
    <channel update="i" site="telkku.com" site_id="86" xmltv_id="Showtime">Showtime</channel>
    <channel update="i" site="telkku.com" site_id="79" xmltv_id="Silver">Silver</channel>
    <channel update="i" site="telkku.com" site_id="106" xmltv_id="Silver HD">Silver HD</channel>
    <channel update="i" site="telkku.com" site_id="72" xmltv_id="Sky News">Sky News</channel>
    <channel update="i" site="telkku.com" site_id="77" xmltv_id="Star!">Star!</channel>
    <channel update="i" site="telkku.com" site_id="5" xmltv_id="Sub">Sub</channel>
    <channel update="i" site="telkku.com" site_id="81" xmltv_id="TCM">TCM</channel>
    <channel update="i" site="telkku.com" site_id="56" xmltv_id="TLC">TLC</channel>
    <channel update="i" site="telkku.com" site_id="116" xmltv_id="TNT">TNT</channel>
    <channel update="i" site="telkku.com" site_id="82" xmltv_id="TV Finland">TV Finland</channel>
    <channel update="i" site="telkku.com" site_id="93" xmltv_id="TV3">TV3</channel>
    <channel update="i" site="telkku.com" site_id="94" xmltv_id="TV4">TV4</channel>
    <channel update="i" site="telkku.com" site_id="9" xmltv_id="TV5">TV5</channel>
    <channel update="i" site="telkku.com" site_id="88" xmltv_id="TV5 Monde">TV5 Monde</channel>
    <channel update="i" site="telkku.com" site_id="98" xmltv_id="TV6">TV6</channel>
    <channel update="i" site="telkku.com" site_id="83" xmltv_id="TV7">TV7</channel>
    <channel update="i" site="telkku.com" site_id="85" xmltv_id="The History Channel">The History Channel</channel>
    <channel update="i" site="telkku.com" site_id="104" xmltv_id="The History Channel HD">The History Channel HD</channel>
    <channel update="i" site="telkku.com" site_id="78" xmltv_id="Travel Channel">Travel Channel</channel>
    <channel update="i" site="telkku.com" site_id="25" xmltv_id="URHOtv">URHOtv</channel>
    <channel update="i" site="telkku.com" site_id="65" xmltv_id="VH1">VH1</channel>
    <channel update="i" site="telkku.com" site_id="66" xmltv_id="VH1 Classic">VH1 Classic</channel>
    <channel update="i" site="telkku.com" site_id="48" xmltv_id="Viasat Explorer">Viasat Explorer</channel>
    <channel update="i" site="telkku.com" site_id="38" xmltv_id="Viasat Film">Viasat Film</channel>
    <channel update="i" site="telkku.com" site_id="39" xmltv_id="Viasat Film Action">Viasat Film Action</channel>
    <channel update="i" site="telkku.com" site_id="42" xmltv_id="Viasat Film Classic">Viasat Film Classic</channel>
    <channel update="i" site="telkku.com" site_id="131" xmltv_id="Viasat Film Comedy">Viasat Film Comedy</channel>
    <channel update="i" site="telkku.com" site_id="43" xmltv_id="Viasat Film Drama">Viasat Film Drama</channel>
    <channel update="i" site="telkku.com" site_id="41" xmltv_id="Viasat Film Family">Viasat Film Family</channel>
    <channel update="i" site="telkku.com" site_id="40" xmltv_id="Viasat Film Nordic">Viasat Film Nordic</channel>
    <channel update="i" site="telkku.com" site_id="45" xmltv_id="Viasat Golf">Viasat Golf</channel>
    <channel update="i" site="telkku.com" site_id="50" xmltv_id="Viasat History">Viasat History</channel>
    <channel update="i" site="telkku.com" site_id="46" xmltv_id="Viasat Hockey">Viasat Hockey</channel>
    <channel update="i" site="telkku.com" site_id="128" xmltv_id="Viasat Hockey Finland">Viasat Hockey Finland</channel>
    <channel update="i" site="telkku.com" site_id="49" xmltv_id="Viasat Nature/Crime">Viasat Nature/Crime</channel>
    <channel update="i" site="telkku.com" site_id="44" xmltv_id="Viasat Sport">Viasat Sport</channel>
    <channel update="i" site="telkku.com" site_id="130" xmltv_id="Viasat Sport Xtra">Viasat Sport Xtra</channel>
    <channel update="i" site="telkku.com" site_id="87" xmltv_id="Viron ETV">Viron ETV</channel>
    <channel update="i" site="telkku.com" site_id="6" xmltv_id="Yle Fem">Yle Fem</channel>
    <channel update="i" site="telkku.com" site_id="1" xmltv_id="Yle TV1">Yle TV1</channel>
    <channel update="i" site="telkku.com" site_id="2" xmltv_id="Yle TV2">Yle TV2</channel>
    <channel update="i" site="telkku.com" site_id="10" xmltv_id="Yle Teema">Yle Teema</channel>
  </channels>
</site>