﻿<?xml version="1.0" encoding="UTF-8"?>
<site generator-info-name="WebGrab+Plus/w MDB &amp; REX Postprocess -- version 1.54.6/0.01 -- Jan van Straaten" site="staseraintv.com">
  <channels>
    <channel update="i" site="staseraintv.com" site_id="rai1" xmltv_id="Rai 1">Rai 1</channel>
    <channel update="i" site="staseraintv.com" site_id="rai2" xmltv_id="Rai 2">Rai 2</channel>
    <channel update="i" site="staseraintv.com" site_id="rai3" xmltv_id="Rai 3">Rai 3</channel>
    <channel update="i" site="staseraintv.com" site_id="rete4" xmltv_id="Rete 4">Rete 4</channel>
    <channel update="i" site="staseraintv.com" site_id="canale5" xmltv_id="Canale 5">Canale 5</channel>
    <channel update="i" site="staseraintv.com" site_id="italia1" xmltv_id="Italia 1">Italia 1</channel>
    <channel update="i" site="staseraintv.com" site_id="la7" xmltv_id="La7">La7</channel>
    <channel update="i" site="staseraintv.com" site_id="mtv" xmltv_id="MTV">MTV</channel>
    <channel update="i" site="staseraintv.com" site_id="deejaytv" xmltv_id="DeejayTV">DeejayTV</channel>
    <channel update="i" site="staseraintv.com" site_id="telelombardia" xmltv_id="Telelombardia">Telelombardia</channel>
    <channel update="i" site="staseraintv.com" site_id="antenna3" xmltv_id="Antenna 3">Antenna 3</channel>
    <channel update="i" site="staseraintv.com" site_id="telemilano" xmltv_id="Telemilano">Telemilano</channel>
    <channel update="i" site="staseraintv.com" site_id="telereporter" xmltv_id="Telereporter">Telereporter</channel>
    <channel update="i" site="staseraintv.com" site_id="telenova" xmltv_id="Telenova">Telenova</channel>
    <channel update="i" site="staseraintv.com" site_id="italia7_gold" xmltv_id="Italia 7 Gold">Italia 7 Gold</channel>
    <channel update="i" site="staseraintv.com" site_id="rete55" xmltv_id="Rete 55">Rete 55</channel>
    <channel update="i" site="staseraintv.com" site_id="bergamotv" xmltv_id="Bergamo TV">Bergamo TV</channel>
    <channel update="i" site="staseraintv.com" site_id="telecolor" xmltv_id="Telecolor">Telecolor</channel>
    <channel update="i" site="staseraintv.com" site_id="espansionetv" xmltv_id="Espansione TV">Espansione TV</channel>
    <channel update="i" site="staseraintv.com" site_id="retecapri" xmltv_id="Rete Capri">Rete Capri</channel>
    <channel update="i" site="staseraintv.com" site_id="rai4" xmltv_id="Rai 4">Rai 4</channel>
    <channel update="i" site="staseraintv.com" site_id="iris" xmltv_id="Iris">Iris</channel>
    <channel update="i" site="staseraintv.com" site_id="rai5" xmltv_id="Rai 5">Rai 5</channel>
    <channel update="i" site="staseraintv.com" site_id="raimovie" xmltv_id="Rai Movie">Rai Movie</channel>
    <channel update="i" site="staseraintv.com" site_id="rai_premium" xmltv_id="Rai Premium">Rai Premium</channel>
    <channel update="i" site="staseraintv.com" site_id="cielo" xmltv_id="Cielo">Cielo</channel>
    <channel update="i" site="staseraintv.com" site_id="classtv" xmltv_id="Class TV">Class TV</channel>
    <channel update="i" site="staseraintv.com" site_id="tv2000" xmltv_id="TV2000">TV2000</channel>
    <channel update="i" site="staseraintv.com" site_id="la7d" xmltv_id="La7d">La7d</channel>
    <channel update="i" site="staseraintv.com" site_id="la5" xmltv_id="La5">La5</channel>
    <channel update="i" site="staseraintv.com" site_id="realtime" xmltv_id="Realtime">Realtime</channel>
    <channel update="i" site="staseraintv.com" site_id="qvc" xmltv_id="QVC">QVC</channel>
    <channel update="i" site="staseraintv.com" site_id="agon_channel" xmltv_id="AGON Channel">AGON Channel</channel>
    <channel update="i" site="staseraintv.com" site_id="mediaset_extra" xmltv_id="Mediaset Extra">Mediaset Extra</channel>
    <channel update="i" site="staseraintv.com" site_id="italia2" xmltv_id="Italia2">Italia2</channel>
    <channel update="i" site="staseraintv.com" site_id="rtl1025" xmltv_id="RTL 102.5">RTL 102.5</channel>
    <channel update="i" site="staseraintv.com" site_id="hse24" xmltv_id="HSE24">HSE24</channel>
    <channel update="i" site="staseraintv.com" site_id="giallotv" xmltv_id="GialloTV">GialloTV</channel>
    <channel update="i" site="staseraintv.com" site_id="topcrime" xmltv_id="TOPCRIME">TOPCRIME</channel>
    <channel update="i" site="staseraintv.com" site_id="boing" xmltv_id="Boing">Boing</channel>
    <channel update="i" site="staseraintv.com" site_id="k2" xmltv_id="K2">K2</channel>
    <channel update="i" site="staseraintv.com" site_id="rai_gulp" xmltv_id="Rai Gulp">Rai Gulp</channel>
    <channel update="i" site="staseraintv.com" site_id="rai_yoyo" xmltv_id="Rai YoYo">Rai YoYo</channel>
    <channel update="i" site="staseraintv.com" site_id="frisbee" xmltv_id="Frisbee">Frisbee</channel>
    <channel update="i" site="staseraintv.com" site_id="juniortv" xmltv_id="Junior TV">Junior TV</channel>
    <channel update="i" site="staseraintv.com" site_id="cartoonito" xmltv_id="Cartoonito">Cartoonito</channel>
    <channel update="i" site="staseraintv.com" site_id="super" xmltv_id="Super">Super</channel>
    <channel update="i" site="staseraintv.com" site_id="rai_news" xmltv_id="Rai News">Rai News</channel>
    <channel update="i" site="staseraintv.com" site_id="fineliving" xmltv_id="Fine Living">Fine Living</channel>
    <channel update="i" site="staseraintv.com" site_id="laeffe" xmltv_id="LaEffe">LaEffe</channel>
    <channel update="i" site="staseraintv.com" site_id="tgcom24" xmltv_id="TgCom24">TgCom24</channel>
    <channel update="i" site="staseraintv.com" site_id="dmax" xmltv_id="DMAX">DMAX</channel>
    <channel update="i" site="staseraintv.com" site_id="italia53" xmltv_id="Italia 53">Italia 53</channel>
    <channel update="i" site="staseraintv.com" site_id="rai_storia" xmltv_id="Rai Storia">Rai Storia</channel>
    <channel update="i" site="staseraintv.com" site_id="verocapri" xmltv_id="Vero Capri">Vero Capri</channel>
    <channel update="i" site="staseraintv.com" site_id="focustv" xmltv_id="Focus">Focus</channel>
    <channel update="i" site="staseraintv.com" site_id="rai_sport_1" xmltv_id="Rai Sport 1">Rai Sport 1</channel>
    <channel update="i" site="staseraintv.com" site_id="rai_sport_2" xmltv_id="Rai Sport 2">Rai Sport 2</channel>
    <channel update="i" site="staseraintv.com" site_id="splittv" xmltv_id="Split TV">Split TV</channel>
    <channel update="i" site="staseraintv.com" site_id="nuvolari" xmltv_id="Nuvolari">Nuvolari</channel>
    <channel update="i" site="staseraintv.com" site_id="marcopolo" xmltv_id="Marcopolo">Marcopolo</channel>
    <channel update="i" site="staseraintv.com" site_id="leonardo" xmltv_id="Leonardo">Leonardo</channel>
    <channel update="i" site="staseraintv.com" site_id="winga" xmltv_id="Winga TV">Winga TV</channel>
    <channel update="i" site="staseraintv.com" site_id="supertennis" xmltv_id="Supertennis">Supertennis</channel>
    <channel update="i" site="staseraintv.com" site_id="canaleacqua" xmltv_id="Canale Acqua">Canale Acqua</channel>
    <channel update="i" site="staseraintv.com" site_id="r101tv" xmltv_id="R101 TV">R101 TV</channel>
    <channel update="i" site="staseraintv.com" site_id="mtvmusic" xmltv_id="MTV Music">MTV Music</channel>
    <channel update="i" site="staseraintv.com" site_id="playme" xmltv_id="PlayMe">PlayMe</channel>
    <channel update="i" site="staseraintv.com" site_id="radiocapitaltivu" xmltv_id="RadioCapitalTiVu">RadioCapitalTiVu</channel>
    <channel update="i" site="staseraintv.com" site_id="radioitaliatv" xmltv_id="RadioItalia TV">RadioItalia TV</channel>
    <channel update="i" site="staseraintv.com" site_id="rtbretebrescia" xmltv_id="RTB rete Brescia">RTB rete Brescia</channel>
    <channel update="i" site="staseraintv.com" site_id="telecampione" xmltv_id="TLC Telecampione">TLC Telecampione</channel>
    <channel update="i" site="staseraintv.com" site_id="la9" xmltv_id="La9">La9</channel>
    <channel update="i" site="staseraintv.com" site_id="telestar" xmltv_id="Telestar">Telestar</channel>
    <channel update="i" site="staseraintv.com" site_id="artenetwork" xmltv_id="Arte Network">Arte Network</channel>
    <channel update="i" site="staseraintv.com" site_id="juwelo" xmltv_id="Juwelo">Juwelo</channel>
    <channel update="i" site="staseraintv.com" site_id="studio1" xmltv_id="Studio 1">Studio 1</channel>
    <channel update="i" site="staseraintv.com" site_id="la8" xmltv_id="La8">La8</channel>
    <channel update="i" site="staseraintv.com" site_id="canale_italia_83" xmltv_id="Canale Italia 83">Canale Italia 83</channel>
    <channel update="i" site="staseraintv.com" site_id="canale_italia_84" xmltv_id="Canale Italia 84">Canale Italia 84</channel>
    <channel update="i" site="staseraintv.com" site_id="rete55sport" xmltv_id="Rete 55 Sport">Rete 55 Sport</channel>
    <channel update="i" site="staseraintv.com" site_id="primaretelombardia" xmltv_id="Prima Rete Lombardia">Prima Rete Lombardia</channel>
    <channel update="i" site="staseraintv.com" site_id="supertv" xmltv_id="Super TV">Super TV</channel>
    <channel update="i" site="staseraintv.com" site_id="trs_evergreen" xmltv_id="TRS Evergreen">TRS Evergreen</channel>
    <channel update="i" site="staseraintv.com" site_id="sol_regina_tv_video_cremona" xmltv_id="Sol Regina TV Video Cremona">Sol Regina TV Video Cremona</channel>
    <channel update="i" site="staseraintv.com" site_id="cafetv24" xmltv_id="Cafe'TV 24">Cafe'TV 24</channel>
    <channel update="i" site="staseraintv.com" site_id="tele_milano_piublu" xmltv_id="TeleMilano Piu' Blu Lombardia">TeleMilano Piu' Blu Lombardia</channel>
    <channel update="i" site="staseraintv.com" site_id="lombardiatv" xmltv_id="Lombardia TV">Lombardia TV</channel>
    <channel update="i" site="staseraintv.com" site_id="lodi_crema_tv" xmltv_id="Lodi Crema TV">Lodi Crema TV</channel>
    <channel update="i" site="staseraintv.com" site_id="onetv" xmltv_id="One TV">One TV</channel>
    <channel update="i" site="staseraintv.com" site_id="amicianimalitv" xmltv_id="Amici Animali TV">Amici Animali TV</channel>
    <channel update="i" site="staseraintv.com" site_id="top-calcio-24" xmltv_id="Top Calcio 24">Top Calcio 24</channel>
    <channel update="i" site="staseraintv.com" site_id="telepavia" xmltv_id="Tele Pavia">Tele Pavia</channel>
    <channel update="i" site="staseraintv.com" site_id="motori-tv-lombardia" xmltv_id="Motori TV Lombardia">Motori TV Lombardia</channel>
    <channel update="i" site="staseraintv.com" site_id="telecupole" xmltv_id="TeleCupole">TeleCupole</channel>
    <channel update="i" site="staseraintv.com" site_id="rete-capri-2" xmltv_id="Rete Capri 2">Rete Capri 2</channel>
  </channels>
</site>