﻿<?xml version="1.0" encoding="UTF-8"?>
<site generator-info-name="WebGrab+Plus/w MDB &amp; REX Postprocess -- version V1.56.8 -- Jan van Straaten" site="horizon.tv">
  <channels>
    <channel update="i" site="horizon.tv.cz" site_id="546676775187" xmltv_id="CT1 HD">CT1 HD</channel>
    <channel update="i" site="horizon.tv.cz" site_id="546676775258" xmltv_id="CT2">CT2</channel>
    <channel update="i" site="horizon.tv.cz" site_id="546677287056" xmltv_id="Nova HD">Nova HD</channel>
    <channel update="i" site="horizon.tv.cz" site_id="546677287033" xmltv_id="Prima HD">Prima HD</channel>
    <channel update="i" site="horizon.tv.cz" site_id="546676775223" xmltv_id="CT24">CT24</channel>
    <channel update="i" site="horizon.tv.cz" site_id="546677287040" xmltv_id="CT Sport HD">CT Sport HD</channel>
    <channel update="i" site="horizon.tv.cz" site_id="546677286997" xmltv_id="CT D / CT Art">CT D / CT Art</channel>
    <channel update="i" site="horizon.tv.cz" site_id="546677287058" xmltv_id="Nova Cinema">Nova Cinema</channel>
    <channel update="i" site="horizon.tv.cz" site_id="546676775231" xmltv_id="Fanda">Fanda</channel>
    <channel update="i" site="horizon.tv.cz" site_id="546677286996" xmltv_id="Telka">Telka</channel>
    <channel update="i" site="horizon.tv.cz" site_id="546676775185" xmltv_id="Smichov">Smichov</channel>
    <channel update="i" site="horizon.tv.cz" site_id="667808807018" xmltv_id="HD+">HD+</channel>
    <channel update="i" site="horizon.tv.cz" site_id="546676775222" xmltv_id="Prima Cool">Prima Cool</channel>
    <channel update="i" site="horizon.tv.cz" site_id="546676775200" xmltv_id="Prima ZOOM">Prima ZOOM</channel>
    <channel update="i" site="horizon.tv.cz" site_id="546676775225" xmltv_id="Prima Love">Prima Love</channel>
    <channel update="i" site="horizon.tv.cz" site_id="546676775209" xmltv_id="Prima">Prima</channel>
    <channel update="i" site="horizon.tv.cz" site_id="546677287041" xmltv_id="Barrandov TV">Barrandov TV</channel>
    <channel update="i" site="horizon.tv.cz" site_id="624787495294" xmltv_id="Kino Barrandov">Kino Barrandov</channel>
    <channel update="i" site="horizon.tv.cz" site_id="633239591051" xmltv_id="Barrandov Plus">Barrandov Plus</channel>
    <channel update="i" site="horizon.tv.cz" site_id="546676775190" xmltv_id="HBO HD">HBO HD</channel>
    <channel update="i" site="horizon.tv.cz" site_id="546677287025" xmltv_id="HBO2">HBO2</channel>
    <channel update="i" site="horizon.tv.cz" site_id="546676775236" xmltv_id="HBO Comedy">HBO Comedy</channel>
    <channel update="i" site="horizon.tv.cz" site_id="546676775186" xmltv_id="Cinemax">Cinemax</channel>
    <channel update="i" site="horizon.tv.cz" site_id="546677287004" xmltv_id="FilmBox HD">FilmBox HD</channel>
    <channel update="i" site="horizon.tv.cz" site_id="546677287048" xmltv_id="Cinemax 2">Cinemax 2</channel>
    <channel update="i" site="horizon.tv.cz" site_id="546677287020" xmltv_id="AXN">AXN</channel>
    <channel update="i" site="horizon.tv.cz" site_id="546677286992" xmltv_id="AXN Sci-fi">AXN Sci-fi</channel>
    <channel update="i" site="horizon.tv.cz" site_id="546677287009" xmltv_id="AXN Crime">AXN Crime</channel>
    <channel update="i" site="horizon.tv.cz" site_id="546677287019" xmltv_id="CS Film / CS Mini">CS Film / CS Mini</channel>
    <channel update="i" site="horizon.tv.cz" site_id="604944935234" xmltv_id="Film+">Film+</channel>
    <channel update="i" site="horizon.tv.cz" site_id="546677287047" xmltv_id="FilmBox">FilmBox</channel>
    <channel update="i" site="horizon.tv.cz" site_id="546676775220" xmltv_id="FilmBox Extra 1">FilmBox Extra 1</channel>
    <channel update="i" site="horizon.tv.cz" site_id="546677287057" xmltv_id="FilmBox Plus">FilmBox Plus</channel>
    <channel update="i" site="horizon.tv.cz" site_id="617552423421" xmltv_id="AMC CZ">AMC CZ</channel>
    <channel update="i" site="horizon.tv.cz" site_id="546676775207" xmltv_id="CBS Drama">CBS Drama</channel>
    <channel update="i" site="horizon.tv.cz" site_id="546677287018" xmltv_id="Discovery TLC">Discovery TLC</channel>
    <channel update="i" site="horizon.tv.cz" site_id="562467879189" xmltv_id="Nova Sport">Nova Sport</channel>
    <channel update="i" site="horizon.tv.cz" site_id="667808295282" xmltv_id="Nova Sport 2 HD">Nova Sport 2 HD</channel>
    <channel update="i" site="horizon.tv.cz" site_id="546676775228" xmltv_id="EUROSPORT HD">EUROSPORT HD</channel>
    <channel update="i" site="horizon.tv.cz" site_id="546676775232" xmltv_id="Eurosport 2">Eurosport 2</channel>
    <channel update="i" site="horizon.tv.cz" site_id="624787495298" xmltv_id="Sport 1 HD">Sport 1 HD</channel>
    <channel update="i" site="horizon.tv.cz" site_id="624787495291" xmltv_id="Sport 2 HD">Sport 2 HD</channel>
    <channel update="i" site="horizon.tv.cz" site_id="604944423343" xmltv_id="Slovak Sport 2">Slovak Sport 2</channel>
    <channel update="i" site="horizon.tv.cz" site_id="546677287042" xmltv_id="Slovak Sport">Slovak Sport</channel>
    <channel update="i" site="horizon.tv.cz" site_id="546677287043" xmltv_id="Golf Channel">Golf Channel</channel>
    <channel update="i" site="horizon.tv.cz" site_id="546676775233" xmltv_id="Extreme Sports Europe">Extreme Sports Europe</channel>
    <channel update="i" site="horizon.tv.cz" site_id="546677286987" xmltv_id="Sport 5">Sport 5</channel>
    <channel update="i" site="horizon.tv.cz" site_id="546677287023" xmltv_id="Discovery World">Discovery World</channel>
    <channel update="i" site="horizon.tv.cz" site_id="546676775245" xmltv_id="Animal Planet HD">Animal Planet HD</channel>
    <channel update="i" site="horizon.tv.cz" site_id="546676775244" xmltv_id="Discovery Channel">Discovery Channel</channel>
    <channel update="i" site="horizon.tv.cz" site_id="546676775211" xmltv_id="Discovery Science">Discovery Science</channel>
    <channel update="i" site="horizon.tv.cz" site_id="546676775201" xmltv_id="Discovery ID">Discovery ID</channel>
    <channel update="i" site="horizon.tv.cz" site_id="546676775214" xmltv_id="Spektrum">Spektrum</channel>
    <channel update="i" site="horizon.tv.cz" site_id="546677287024" xmltv_id="History Channel">History Channel</channel>
    <channel update="i" site="horizon.tv.cz" site_id="546677287036" xmltv_id="National Geographic HD (CZ)">National Geographic HD (CZ)</channel>
    <channel update="i" site="horizon.tv.cz" site_id="546677287028" xmltv_id="Nat Geo Wild">Nat Geo Wild</channel>
    <channel update="i" site="horizon.tv.cz" site_id="546676775195" xmltv_id="Spektrum Home">Spektrum Home</channel>
    <channel update="i" site="horizon.tv.cz" site_id="546676775234" xmltv_id="TV Paprika">TV Paprika</channel>
    <channel update="i" site="horizon.tv.cz" site_id="546676775254" xmltv_id="CBS Reality">CBS Reality</channel>
    <channel update="i" site="horizon.tv.cz" site_id="546677287002" xmltv_id="Fishing and Hunting">Fishing and Hunting</channel>
    <channel update="i" site="horizon.tv.cz" site_id="546676775193" xmltv_id="Travel Channel">Travel Channel</channel>
    <channel update="i" site="horizon.tv.cz" site_id="546677287039" xmltv_id="Viasat Explorer">Viasat Explorer</channel>
    <channel update="i" site="horizon.tv.cz" site_id="546676775250" xmltv_id="Fine Living">Fine Living</channel>
    <channel update="i" site="horizon.tv.cz" site_id="546676775199" xmltv_id="Ocko TV">Ocko TV</channel>
    <channel update="i" site="horizon.tv.cz" site_id="624788006998" xmltv_id="Ocko Expres HD">Ocko Expres HD</channel>
    <channel update="i" site="horizon.tv.cz" site_id="546676775188" xmltv_id="Ocko Gold">Ocko Gold</channel>
    <channel update="i" site="horizon.tv.cz" site_id="546677287053" xmltv_id="Retro Music TV">Retro Music TV</channel>
    <channel update="i" site="horizon.tv.cz" site_id="546677287014" xmltv_id="Relax TV">Relax TV</channel>
    <channel update="i" site="horizon.tv.cz" site_id="546676775239" xmltv_id="MTV">MTV</channel>
    <channel update="i" site="horizon.tv.cz" site_id="546677287046" xmltv_id="VH1">VH1</channel>
    <channel update="i" site="horizon.tv.cz" site_id="546676775210" xmltv_id="Slagr TV">Slagr TV</channel>
    <channel update="i" site="horizon.tv.cz" site_id="546677287027" xmltv_id="Nickelodeon">Nickelodeon</channel>
    <channel update="i" site="horizon.tv.cz" site_id="546677287010" xmltv_id="Disney Channel">Disney Channel</channel>
    <channel update="i" site="horizon.tv.cz" site_id="546676775252" xmltv_id="Minimax">Minimax</channel>
    <channel update="i" site="horizon.tv.cz" site_id="546677287016" xmltv_id="Megamax">Megamax</channel>
    <channel update="i" site="horizon.tv.cz" site_id="546676775208" xmltv_id="JimJam">JimJam</channel>
    <channel update="i" site="horizon.tv.cz" site_id="546676775218" xmltv_id="duck.tv">duck.tv</channel>
    <channel update="i" site="horizon.tv.cz" site_id="546676775256" xmltv_id="CNBC Europe">CNBC Europe</channel>
    <channel update="i" site="horizon.tv.cz" site_id="546677287034" xmltv_id="TA3">TA3</channel>
    <channel update="i" site="horizon.tv.cz" site_id="546676775240" xmltv_id="UPC Express">UPC Express</channel>
  </channels>
</site>