﻿<?xml version="1.0" encoding="UTF-8"?>
<site generator-info-name="WebGrab+Plus/w MDB &amp; REX Postprocess -- version V1.56.8 -- Jan van Straaten" site="horizon.tv">
  <channels>
    <channel update="i" site="horizon.tv.at" site_id="686308903059" xmltv_id="On Demand">On Demand</channel>
    <channel update="i" site="horizon.tv.at" site_id="554823207416" xmltv_id="ORF eins">ORF eins</channel>
    <channel update="i" site="horizon.tv.at" site_id="554823719036" xmltv_id="ORF 2 Wien">ORF 2 Wien</channel>
    <channel update="i" site="horizon.tv.at" site_id="554823207399" xmltv_id="ATV">ATV</channel>
    <channel update="i" site="horizon.tv.at" site_id="554823207407" xmltv_id="PULS 4">PULS 4</channel>
    <channel update="i" site="horizon.tv.at" site_id="554823719006" xmltv_id="W24">W24</channel>
    <channel update="i" site="horizon.tv.at" site_id="554823719070" xmltv_id="Sixx Austria">Sixx Austria</channel>
    <channel update="i" site="horizon.tv.at" site_id="554823207396" xmltv_id="Servus TV">Servus TV</channel>
    <channel update="i" site="horizon.tv.at" site_id="554823719048" xmltv_id="OKTO">OKTO</channel>
    <channel update="i" site="horizon.tv.at" site_id="554823718961" xmltv_id="UPC Infokanal">UPC Infokanal</channel>
    <channel update="i" site="horizon.tv.at" site_id="554823718999" xmltv_id="Das Erste">Das Erste</channel>
    <channel update="i" site="horizon.tv.at" site_id="554823719000" xmltv_id="ZDF">ZDF</channel>
    <channel update="i" site="horizon.tv.at" site_id="554823719049" xmltv_id="ORF III">ORF III</channel>
    <channel update="i" site="horizon.tv.at" site_id="554823719068" xmltv_id="ProSieben">ProSieben</channel>
    <channel update="i" site="horizon.tv.at" site_id="554823207427" xmltv_id="RTL">RTL</channel>
    <channel update="i" site="horizon.tv.at" site_id="557387814999" xmltv_id="SAT.1">SAT.1</channel>
    <channel update="i" site="horizon.tv.at" site_id="554823207404" xmltv_id="RTL II">RTL II</channel>
    <channel update="i" site="horizon.tv.at" site_id="554823207419" xmltv_id="kabel eins">kabel eins</channel>
    <channel update="i" site="horizon.tv.at" site_id="554823207400" xmltv_id="VOX">VOX</channel>
    <channel update="i" site="horizon.tv.at" site_id="554823719050" xmltv_id="ATV II">ATV II</channel>
    <channel update="i" site="horizon.tv.at" site_id="554823207392" xmltv_id="3sat">3sat</channel>
    <channel update="i" site="horizon.tv.at" site_id="554823207391" xmltv_id="BR">BR</channel>
    <channel update="i" site="horizon.tv.at" site_id="554823718955" xmltv_id="MDR">MDR</channel>
    <channel update="i" site="horizon.tv.at" site_id="554823207441" xmltv_id="SWR">SWR</channel>
    <channel update="i" site="horizon.tv.at" site_id="554823207393" xmltv_id="NDR">NDR</channel>
    <channel update="i" site="horizon.tv.at" site_id="554823718963" xmltv_id="WDR">WDR</channel>
    <channel update="i" site="horizon.tv.at" site_id="554823718962" xmltv_id="hessen fernsehen">hessen fernsehen</channel>
    <channel update="i" site="horizon.tv.at" site_id="554823718966" xmltv_id="RBB Fernsehen">RBB Fernsehen</channel>
    <channel update="i" site="horizon.tv.at" site_id="554823719054" xmltv_id="SRF 1">SRF 1</channel>
    <channel update="i" site="horizon.tv.at" site_id="554823207390" xmltv_id="SRF zwei">SRF zwei</channel>
    <channel update="i" site="horizon.tv.at" site_id="554823207408" xmltv_id="arte">arte</channel>
    <channel update="i" site="horizon.tv.at" site_id="566389287039" xmltv_id="RTL Nitro">RTL Nitro</channel>
    <channel update="i" site="horizon.tv.at" site_id="554823207442" xmltv_id="Pro7 Maxx">Pro7 Maxx</channel>
    <channel update="i" site="horizon.tv.at" site_id="557387815003" xmltv_id="SAT.1 Gold">SAT.1 Gold</channel>
    <channel update="i" site="horizon.tv.at" site_id="554823719037" xmltv_id="ORF 2 Steiermark">ORF 2 Steiermark</channel>
    <channel update="i" site="horizon.tv.at" site_id="557387815009" xmltv_id="ORF 2 Kärnten">ORF 2 Kärnten</channel>
    <channel update="i" site="horizon.tv.at" site_id="557387815010" xmltv_id="ORF 2 Nö">ORF 2 Nö</channel>
    <channel update="i" site="horizon.tv.at" site_id="557387815011" xmltv_id="ORF 2 Oberösterreich">ORF 2 Oberösterreich</channel>
    <channel update="i" site="horizon.tv.at" site_id="554823719041" xmltv_id="ORF 2 Burgenland">ORF 2 Burgenland</channel>
    <channel update="i" site="horizon.tv.at" site_id="554823719042" xmltv_id="ORF 2 Salzburg">ORF 2 Salzburg</channel>
    <channel update="i" site="horizon.tv.at" site_id="554823719043" xmltv_id="ORF 2 Vorarlberg">ORF 2 Vorarlberg</channel>
    <channel update="i" site="horizon.tv.at" site_id="554823719044" xmltv_id="ORF 2 Tirol">ORF 2 Tirol</channel>
    <channel update="i" site="horizon.tv.at" site_id="554823719045" xmltv_id="ORF 2 EUROPA">ORF 2 EUROPA</channel>
    <channel update="i" site="horizon.tv.at" site_id="554823207412" xmltv_id="DMAX">DMAX</channel>
    <channel update="i" site="horizon.tv.at" site_id="557387815013" xmltv_id="Comedy Central/VIVA">Comedy Central/VIVA</channel>
    <channel update="i" site="horizon.tv.at" site_id="554823718974" xmltv_id="BBC Entertainment">BBC Entertainment</channel>
    <channel update="i" site="horizon.tv.at" site_id="554823207395" xmltv_id="TELE 5">TELE 5</channel>
    <channel update="i" site="horizon.tv.at" site_id="687669799406" xmltv_id="13TH STREET">13TH STREET</channel>
    <channel update="i" site="horizon.tv.at" site_id="687668263176" xmltv_id="Syfy">Syfy</channel>
    <channel update="i" site="horizon.tv.at" site_id="554823207409" xmltv_id="Kinowelt TV">Kinowelt TV</channel>
    <channel update="i" site="horizon.tv.at" site_id="687669799408" xmltv_id="RTL Crime">RTL Crime</channel>
    <channel update="i" site="horizon.tv.at" site_id="687669799409" xmltv_id="RTL Passion">RTL Passion</channel>
    <channel update="i" site="horizon.tv.at" site_id="574343719206" xmltv_id="kabel eins classics">kabel eins classics</channel>
    <channel update="i" site="horizon.tv.at" site_id="554823207394" xmltv_id="Romance TV">Romance TV</channel>
    <channel update="i" site="horizon.tv.at" site_id="687670823004" xmltv_id="TNT Serie">TNT Serie</channel>
    <channel update="i" site="horizon.tv.at" site_id="688030247036" xmltv_id="FOX">FOX</channel>
    <channel update="i" site="horizon.tv.at" site_id="687670823002" xmltv_id="Sky Krimi">Sky Krimi</channel>
    <channel update="i" site="horizon.tv.at" site_id="554823207417" xmltv_id="ORF eins HD">ORF eins HD</channel>
    <channel update="i" site="horizon.tv.at" site_id="558827047204" xmltv_id="ORF 2 Wien HD">ORF 2 Wien HD</channel>
    <channel update="i" site="horizon.tv.at" site_id="554823207438" xmltv_id="ATV HD">ATV HD</channel>
    <channel update="i" site="horizon.tv.at" site_id="554823207432" xmltv_id="PULS 4 HD">PULS 4 HD</channel>
    <channel update="i" site="horizon.tv.at" site_id="554823207414" xmltv_id="Servus TV HD">Servus TV HD</channel>
    <channel update="i" site="horizon.tv.at" site_id="558897191431" xmltv_id="ORF III HD">ORF III HD</channel>
    <channel update="i" site="horizon.tv.at" site_id="554823719071" xmltv_id="ProSieben HD">ProSieben HD</channel>
    <channel update="i" site="horizon.tv.at" site_id="557387815000" xmltv_id="SAT.1 HD">SAT.1 HD</channel>
    <channel update="i" site="horizon.tv.at" site_id="554823207431" xmltv_id="kabel eins HD">kabel eins HD</channel>
    <channel update="i" site="horizon.tv.at" site_id="554823718992" xmltv_id="Das Erste HD">Das Erste HD</channel>
    <channel update="i" site="horizon.tv.at" site_id="554823718993" xmltv_id="ZDF HD">ZDF HD</channel>
    <channel update="i" site="horizon.tv.at" site_id="590700071274" xmltv_id="RTL HD">RTL HD</channel>
    <channel update="i" site="horizon.tv.at" site_id="590700071272" xmltv_id="RTL II HD">RTL II HD</channel>
    <channel update="i" site="horizon.tv.at" site_id="590700071273" xmltv_id="VOX HD">VOX HD</channel>
    <channel update="i" site="horizon.tv.at" site_id="590700071276" xmltv_id="RTL Nitro HD">RTL Nitro HD</channel>
    <channel update="i" site="horizon.tv.at" site_id="621102630975" xmltv_id="W24 HD">W24 HD</channel>
    <channel update="i" site="horizon.tv.at" site_id="556529703033" xmltv_id="SRF zwei HD">SRF zwei HD</channel>
    <channel update="i" site="horizon.tv.at" site_id="554823719051" xmltv_id="ZDF neo HD">ZDF neo HD</channel>
    <channel update="i" site="horizon.tv.at" site_id="554823207413" xmltv_id="arte HD">arte HD</channel>
    <channel update="i" site="horizon.tv.at" site_id="554823207439" xmltv_id="3sat HD">3sat HD</channel>
    <channel update="i" site="horizon.tv.at" site_id="554823207429" xmltv_id="BR HD">BR HD</channel>
    <channel update="i" site="horizon.tv.at" site_id="554823719021" xmltv_id="Phoenix HD">Phoenix HD</channel>
    <channel update="i" site="horizon.tv.at" site_id="554823719023" xmltv_id="ZDF info HD">ZDF info HD</channel>
    <channel update="i" site="horizon.tv.at" site_id="554823719056" xmltv_id="EinsFestival HD">EinsFestival HD</channel>
    <channel update="i" site="horizon.tv.at" site_id="554823718954" xmltv_id="EinsPlus HD">EinsPlus HD</channel>
    <channel update="i" site="horizon.tv.at" site_id="554823718956" xmltv_id="MDR HD">MDR HD</channel>
    <channel update="i" site="horizon.tv.at" site_id="554823207437" xmltv_id="SWR HD">SWR HD</channel>
    <channel update="i" site="horizon.tv.at" site_id="554823719057" xmltv_id="History HD">History HD</channel>
    <channel update="i" site="horizon.tv.at" site_id="554823719018" xmltv_id="Animal Planet HD">Animal Planet HD</channel>
    <channel update="i" site="horizon.tv.at" site_id="554823719024" xmltv_id="Nat Geo People HD">Nat Geo People HD</channel>
    <channel update="i" site="horizon.tv.at" site_id="686308903057" xmltv_id="Universal Channel HD">Universal Channel HD</channel>
    <channel update="i" site="horizon.tv.at" site_id="554823207418" xmltv_id="Syfy HD">Syfy HD</channel>
    <channel update="i" site="horizon.tv.at" site_id="554823719005" xmltv_id="13TH STREET HD">13TH STREET HD</channel>
    <channel update="i" site="horizon.tv.at" site_id="554823718996" xmltv_id="TNT Serie HD">TNT Serie HD</channel>
    <channel update="i" site="horizon.tv.at" site_id="554823718994" xmltv_id="FOX HD">FOX HD</channel>
    <channel update="i" site="horizon.tv.at" site_id="554823207428" xmltv_id="RTL Crime HD">RTL Crime HD</channel>
    <channel update="i" site="horizon.tv.at" site_id="554823207435" xmltv_id="Kinowelt TV HD">Kinowelt TV HD</channel>
    <channel update="i" site="horizon.tv.at" site_id="554823719009" xmltv_id="Discovery Channel HD">Discovery Channel HD</channel>
    <channel update="i" site="horizon.tv.at" site_id="554823719035" xmltv_id="Nat Geo HD">Nat Geo HD</channel>
    <channel update="i" site="horizon.tv.at" site_id="554823719072" xmltv_id="Planet HD">Planet HD</channel>
    <channel update="i" site="horizon.tv.at" site_id="554823719053" xmltv_id="RTL Living HD">RTL Living HD</channel>
    <channel update="i" site="horizon.tv.at" site_id="556529703032" xmltv_id="Romance TV HD">Romance TV HD</channel>
    <channel update="i" site="horizon.tv.at" site_id="554823719012" xmltv_id="RTL Passion HD">RTL Passion HD</channel>
    <channel update="i" site="horizon.tv.at" site_id="558433831106" xmltv_id="Fashion-TV HD">Fashion-TV HD</channel>
    <channel update="i" site="horizon.tv.at" site_id="554823719067" xmltv_id="Bongusto HD">Bongusto HD</channel>
    <channel update="i" site="horizon.tv.at" site_id="554823207353" xmltv_id="Sky Sport HD 9">Sky Sport HD 9</channel>
    <channel update="i" site="horizon.tv.at" site_id="621102630974" xmltv_id="Travel Channel HD">Travel Channel HD</channel>
    <channel update="i" site="horizon.tv.at" site_id="686308903056" xmltv_id="E! HD">E! HD</channel>
    <channel update="i" site="horizon.tv.at" site_id="557387814998" xmltv_id="KI.KA HD">KI.KA HD</channel>
    <channel update="i" site="horizon.tv.at" site_id="556529703034" xmltv_id="Cartoon Network HD">Cartoon Network HD</channel>
    <channel update="i" site="horizon.tv.at" site_id="590700071275" xmltv_id="Super RTL HD">Super RTL HD</channel>
    <channel update="i" site="horizon.tv.at" site_id="558897191430" xmltv_id="ORF Sport+ HD">ORF Sport+ HD</channel>
    <channel update="i" site="horizon.tv.at" site_id="554823207368" xmltv_id="Sport 1 HD">Sport 1 HD</channel>
    <channel update="i" site="horizon.tv.at" site_id="554823207372" xmltv_id="Eurosport 1 HD">Eurosport 1 HD</channel>
    <channel update="i" site="horizon.tv.at" site_id="557387815008" xmltv_id="Sport1+ HD">Sport1+ HD</channel>
    <channel update="i" site="horizon.tv.at" site_id="554823718952" xmltv_id="Sport 1 US HD">Sport 1 US HD</channel>
    <channel update="i" site="horizon.tv.at" site_id="557387815007" xmltv_id="ORF Sport+">ORF Sport+</channel>
    <channel update="i" site="horizon.tv.at" site_id="554823207371" xmltv_id="Eurosport 1">Eurosport 1</channel>
    <channel update="i" site="horizon.tv.at" site_id="554823207367" xmltv_id="Sport 1">Sport 1</channel>
    <channel update="i" site="horizon.tv.at" site_id="554823718970" xmltv_id="Eurosport 2">Eurosport 2</channel>
    <channel update="i" site="horizon.tv.at" site_id="554823718951" xmltv_id="Sport 1 US">Sport 1 US</channel>
    <channel update="i" site="horizon.tv.at" site_id="554823719069" xmltv_id="Auto Motor und Sport Channel">Auto Motor und Sport Channel</channel>
    <channel update="i" site="horizon.tv.at" site_id="554823207448" xmltv_id="Extreme Sports Channel">Extreme Sports Channel</channel>
    <channel update="i" site="horizon.tv.at" site_id="554823207370" xmltv_id="Eurosport 1 Polska">Eurosport 1 Polska</channel>
    <channel update="i" site="horizon.tv.at" site_id="554823207387" xmltv_id="Eurosport 1 Turkce">Eurosport 1 Turkce</channel>
    <channel update="i" site="horizon.tv.at" site_id="554823207374" xmltv_id="Eurosport 1 Srbija">Eurosport 1 Srbija</channel>
    <channel update="i" site="horizon.tv.at" site_id="554823718980" xmltv_id="QVC">QVC</channel>
    <channel update="i" site="horizon.tv.at" site_id="554823718968" xmltv_id="HSE24">HSE24</channel>
    <channel update="i" site="horizon.tv.at" site_id="557387815002" xmltv_id="123.tv">123.tv</channel>
    <channel update="i" site="horizon.tv.at" site_id="554823719011" xmltv_id="HSE24 Extra">HSE24 Extra</channel>
    <channel update="i" site="horizon.tv.at" site_id="554823719015" xmltv_id="Melodie TV">Melodie TV</channel>
    <channel update="i" site="horizon.tv.at" site_id="590700071277" xmltv_id="QVC Plus">QVC Plus</channel>
    <channel update="i" site="horizon.tv.at" site_id="554823719033" xmltv_id="RTL Living">RTL Living</channel>
    <channel update="i" site="horizon.tv.at" site_id="557387815004" xmltv_id="E!">E!</channel>
    <channel update="i" site="horizon.tv.at" site_id="558433831105" xmltv_id="Fashion-TV">Fashion-TV</channel>
    <channel update="i" site="horizon.tv.at" site_id="554823719010" xmltv_id="CBS Reality">CBS Reality</channel>
    <channel update="i" site="horizon.tv.at" site_id="557387814997" xmltv_id="KI.KA">KI.KA</channel>
    <channel update="i" site="horizon.tv.at" site_id="557387815012" xmltv_id="Nickelodeon">Nickelodeon</channel>
    <channel update="i" site="horizon.tv.at" site_id="554823207401" xmltv_id="Super RTL">Super RTL</channel>
    <channel update="i" site="horizon.tv.at" site_id="566389287038" xmltv_id="Fix &amp; Foxi">Fix &amp; Foxi</channel>
    <channel update="i" site="horizon.tv.at" site_id="554823207440" xmltv_id="Disney Channel">Disney Channel</channel>
    <channel update="i" site="horizon.tv.at" site_id="554823719013" xmltv_id="Baby TV">Baby TV</channel>
    <channel update="i" site="horizon.tv.at" site_id="554823719065" xmltv_id="JIM JAM">JIM JAM</channel>
    <channel update="i" site="horizon.tv.at" site_id="554823719052" xmltv_id="Nick Junior">Nick Junior</channel>
    <channel update="i" site="horizon.tv.at" site_id="686308903058" xmltv_id="Cartoon Network">Cartoon Network</channel>
    <channel update="i" site="horizon.tv.at" site_id="554823207434" xmltv_id="RiC">RiC</channel>
    <channel update="i" site="horizon.tv.at" site_id="558433831109" xmltv_id="n-tv">n-tv</channel>
    <channel update="i" site="horizon.tv.at" site_id="554823718973" xmltv_id="Euronews">Euronews</channel>
    <channel update="i" site="horizon.tv.at" site_id="554823718978" xmltv_id="BBC World">BBC World</channel>
    <channel update="i" site="horizon.tv.at" site_id="554823718969" xmltv_id="CNN">CNN</channel>
    <channel update="i" site="horizon.tv.at" site_id="554823718971" xmltv_id="CNBC">CNBC</channel>
    <channel update="i" site="horizon.tv.at" site_id="554823718976" xmltv_id="Russia today">Russia today</channel>
    <channel update="i" site="horizon.tv.at" site_id="554823719001" xmltv_id="CCTV News">CCTV News</channel>
    <channel update="i" site="horizon.tv.at" site_id="554823718998" xmltv_id="Bloomberg Europe TV">Bloomberg Europe TV</channel>
    <channel update="i" site="horizon.tv.at" site_id="554823719008" xmltv_id="Al Jazeera">Al Jazeera</channel>
    <channel update="i" site="horizon.tv.at" site_id="554823718988" xmltv_id="France 24">France 24</channel>
    <channel update="i" site="horizon.tv.at" site_id="554823718987" xmltv_id="24 Vesti news">24 Vesti news</channel>
    <channel update="i" site="horizon.tv.at" site_id="574343719204" xmltv_id="Travel Channel">Travel Channel</channel>
    <channel update="i" site="horizon.tv.at" site_id="687669799412" xmltv_id="Discovery Channel">Discovery Channel</channel>
    <channel update="i" site="horizon.tv.at" site_id="554823719030" xmltv_id="History Channel">History Channel</channel>
    <channel update="i" site="horizon.tv.at" site_id="687669799407" xmltv_id="National Geographic">National Geographic</channel>
    <channel update="i" site="horizon.tv.at" site_id="554823719059" xmltv_id="A&amp;E">A&amp;E</channel>
    <channel update="i" site="horizon.tv.at" site_id="554823719017" xmltv_id="Animal Planet">Animal Planet</channel>
    <channel update="i" site="horizon.tv.at" site_id="554823719060" xmltv_id="Planet">Planet</channel>
    <channel update="i" site="horizon.tv.at" site_id="554823719020" xmltv_id="Phoenix">Phoenix</channel>
    <channel update="i" site="horizon.tv.at" site_id="554823207433" xmltv_id="tagesschau24">tagesschau24</channel>
    <channel update="i" site="horizon.tv.at" site_id="554823719055" xmltv_id="EinsFestival">EinsFestival</channel>
    <channel update="i" site="horizon.tv.at" site_id="554823718953" xmltv_id="EinsPlus">EinsPlus</channel>
    <channel update="i" site="horizon.tv.at" site_id="554823719025" xmltv_id="ARD alpha">ARD alpha</channel>
    <channel update="i" site="horizon.tv.at" site_id="554823719022" xmltv_id="ZDF info">ZDF info</channel>
    <channel update="i" site="horizon.tv.at" site_id="554823719026" xmltv_id="ZDF neo">ZDF neo</channel>
    <channel update="i" site="horizon.tv.at" site_id="557387815001" xmltv_id="ZDF.kultur">ZDF.kultur</channel>
    <channel update="i" site="horizon.tv.at" site_id="554823718975" xmltv_id="gotv">gotv</channel>
    <channel update="i" site="horizon.tv.at" site_id="554823207446" xmltv_id="MTV">MTV</channel>
    <channel update="i" site="horizon.tv.at" site_id="554823718982" xmltv_id="MTV Rocks">MTV Rocks</channel>
    <channel update="i" site="horizon.tv.at" site_id="554823207363" xmltv_id="MTV Dance">MTV Dance</channel>
    <channel update="i" site="horizon.tv.at" site_id="557387815006" xmltv_id="MTVhits!">MTVhits!</channel>
    <channel update="i" site="horizon.tv.at" site_id="558433831108" xmltv_id="VH-1 Europe">VH-1 Europe</channel>
    <channel update="i" site="horizon.tv.at" site_id="558433831107" xmltv_id="VH-1 Classic">VH-1 Classic</channel>
    <channel update="i" site="horizon.tv.at" site_id="554823718985" xmltv_id="Gute Laune TV">Gute Laune TV</channel>
    <channel update="i" site="horizon.tv.at" site_id="554823718972" xmltv_id="TV5Monde Europe">TV5Monde Europe</channel>
    <channel update="i" site="horizon.tv.at" site_id="554823207444" xmltv_id="RAI Uno">RAI Uno</channel>
    <channel update="i" site="horizon.tv.at" site_id="554823719063" xmltv_id="RAI Due">RAI Due</channel>
    <channel update="i" site="horizon.tv.at" site_id="554823718977" xmltv_id="TVE">TVE</channel>
    <channel update="i" site="horizon.tv.at" site_id="554823207382" xmltv_id="RTR Planeta">RTR Planeta</channel>
    <channel update="i" site="horizon.tv.at" site_id="554823207447" xmltv_id="EDTV 1">EDTV 1</channel>
    <channel update="i" site="horizon.tv.at" site_id="554823719002" xmltv_id="CCTV4">CCTV4</channel>
    <channel update="i" site="horizon.tv.at" site_id="554823719027" xmltv_id="HRT TV 1">HRT TV 1</channel>
    <channel update="i" site="horizon.tv.at" site_id="554823718964" xmltv_id="RTS Sat">RTS Sat</channel>
    <channel update="i" site="horizon.tv.at" site_id="554823718958" xmltv_id="TV Polonia">TV Polonia</channel>
    <channel update="i" site="horizon.tv.at" site_id="554823719061" xmltv_id="Duna TV">Duna TV</channel>
    <channel update="i" site="horizon.tv.at" site_id="554823719004" xmltv_id="TRT International">TRT International</channel>
    <channel update="i" site="horizon.tv.at" site_id="554823719029" xmltv_id="Hayat">Hayat</channel>
    <channel update="i" site="horizon.tv.at" site_id="554823719062" xmltv_id="Pink Plus">Pink Plus</channel>
    <channel update="i" site="horizon.tv.at" site_id="554823718983" xmltv_id="Pink Extra">Pink Extra</channel>
    <channel update="i" site="horizon.tv.at" site_id="554823207373" xmltv_id="Pink Film">Pink Film</channel>
    <channel update="i" site="horizon.tv.at" site_id="554823207330" xmltv_id="Pink Music">Pink Music</channel>
    <channel update="i" site="horizon.tv.at" site_id="554823207333" xmltv_id="Playboy TV">Playboy TV</channel>
    <channel update="i" site="horizon.tv.at" site_id="554823207445" xmltv_id="Hustler TV">Hustler TV</channel>
    <channel update="i" site="horizon.tv.at" site_id="687669799411" xmltv_id="Disney XD">Disney XD</channel>
    <channel update="i" site="horizon.tv.at" site_id="687667239440" xmltv_id="Disney Junior">Disney Junior</channel>
    <channel update="i" site="horizon.tv.at" site_id="554823719007" xmltv_id="Sky Atlantic HD">Sky Atlantic HD</channel>
    <channel update="i" site="horizon.tv.at" site_id="554823207423" xmltv_id="Sky Cinema HD">Sky Cinema HD</channel>
    <channel update="i" site="horizon.tv.at" site_id="554823207426" xmltv_id="Sky 007 HD">Sky 007 HD</channel>
    <channel update="i" site="horizon.tv.at" site_id="554823207422" xmltv_id="Disney Cinemagic HD">Disney Cinemagic HD</channel>
    <channel update="i" site="horizon.tv.at" site_id="574343719205" xmltv_id="MGM HD">MGM HD</channel>
    <channel update="i" site="horizon.tv.at" site_id="687670823007" xmltv_id="Sky Cinema">Sky Cinema</channel>
    <channel update="i" site="horizon.tv.at" site_id="687670823000" xmltv_id="Sky Cinema +1">Sky Cinema +1</channel>
    <channel update="i" site="horizon.tv.at" site_id="687670823005" xmltv_id="Sky Cinema +24">Sky Cinema +24</channel>
    <channel update="i" site="horizon.tv.at" site_id="687670823003" xmltv_id="Sky 007">Sky 007</channel>
    <channel update="i" site="horizon.tv.at" site_id="687670822997" xmltv_id="Sky Action">Sky Action</channel>
    <channel update="i" site="horizon.tv.at" site_id="687670823001" xmltv_id="Sky Emotion">Sky Emotion</channel>
    <channel update="i" site="horizon.tv.at" site_id="687670823006" xmltv_id="Sky Nostalgie">Sky Nostalgie</channel>
    <channel update="i" site="horizon.tv.at" site_id="687670822999" xmltv_id="Sky Comedy">Sky Comedy</channel>
    <channel update="i" site="horizon.tv.at" site_id="687669799410" xmltv_id="Disney Cinemagic">Disney Cinemagic</channel>
    <channel update="i" site="horizon.tv.at" site_id="652442663315" xmltv_id="Sky Sport Austria HD">Sky Sport Austria HD</channel>
    <channel update="i" site="horizon.tv.at" site_id="554823207386" xmltv_id="Sky Sport News HD">Sky Sport News HD</channel>
    <channel update="i" site="horizon.tv.at" site_id="554823207449" xmltv_id="Sky Sport HD 1">Sky Sport HD 1</channel>
    <channel update="i" site="horizon.tv.at" site_id="554823207384" xmltv_id="Sky Sport HD 2">Sky Sport HD 2</channel>
    <channel update="i" site="horizon.tv.at" site_id="554823207347" xmltv_id="Sky Sport HD 3">Sky Sport HD 3</channel>
    <channel update="i" site="horizon.tv.at" site_id="554823207348" xmltv_id="Sky Sport HD 4">Sky Sport HD 4</channel>
    <channel update="i" site="horizon.tv.at" site_id="554823207349" xmltv_id="Sky Sport HD 5">Sky Sport HD 5</channel>
    <channel update="i" site="horizon.tv.at" site_id="554823207350" xmltv_id="Sky Sport HD 6">Sky Sport HD 6</channel>
    <channel update="i" site="horizon.tv.at" site_id="554823207351" xmltv_id="Sky Sport HD 7">Sky Sport HD 7</channel>
    <channel update="i" site="horizon.tv.at" site_id="686308903050" xmltv_id="Sky Sport HD 8">Sky Sport HD 8</channel>
    <channel update="i" site="horizon.tv.at" site_id="554823207354" xmltv_id="Sky Sport HD 10">Sky Sport HD 10</channel>
    <channel update="i" site="horizon.tv.at" site_id="554823207381" xmltv_id="Sky Sport Austria">Sky Sport Austria</channel>
    <channel update="i" site="horizon.tv.at" site_id="554823207365" xmltv_id="Sky Bundesliga HD 1">Sky Bundesliga HD 1</channel>
    <channel update="i" site="horizon.tv.at" site_id="554823207378" xmltv_id="Sky Bundesliga HD 2">Sky Bundesliga HD 2</channel>
    <channel update="i" site="horizon.tv.at" site_id="554823207379" xmltv_id="Sky Bundesliga HD 3">Sky Bundesliga HD 3</channel>
    <channel update="i" site="horizon.tv.at" site_id="554823207362" xmltv_id="Sky Bundesliga HD 4">Sky Bundesliga HD 4</channel>
    <channel update="i" site="horizon.tv.at" site_id="554823207380" xmltv_id="Sky Bundesliga HD 5">Sky Bundesliga HD 5</channel>
    <channel update="i" site="horizon.tv.at" site_id="554823207369" xmltv_id="Sky Bundesliga HD 6">Sky Bundesliga HD 6</channel>
    <channel update="i" site="horizon.tv.at" site_id="686308903052" xmltv_id="Sky Bundesliga HD 7">Sky Bundesliga HD 7</channel>
    <channel update="i" site="horizon.tv.at" site_id="686308903053" xmltv_id="Sky Bundesliga HD 8">Sky Bundesliga HD 8</channel>
    <channel update="i" site="horizon.tv.at" site_id="554823207358" xmltv_id="Sky Bundesliga HD 9">Sky Bundesliga HD 9</channel>
    <channel update="i" site="horizon.tv.at" site_id="686308903054" xmltv_id="Sky Bundesliga HD 10">Sky Bundesliga HD 10</channel>
    <channel update="i" site="horizon.tv.at" site_id="687670822998" xmltv_id="Sky Sport News">Sky Sport News</channel>
    <channel update="i" site="horizon.tv.at" site_id="554823719016" xmltv_id="Sky Atlantic">Sky Atlantic</channel>
    <channel update="i" site="horizon.tv.at" site_id="687668263177" xmltv_id="Sky Sport 1">Sky Sport 1</channel>
    <channel update="i" site="horizon.tv.at" site_id="687668263186" xmltv_id="Sky Sport 2">Sky Sport 2</channel>
    <channel update="i" site="horizon.tv.at" site_id="687667239433" xmltv_id="Sky Sport 3">Sky Sport 3</channel>
    <channel update="i" site="horizon.tv.at" site_id="687668263178" xmltv_id="Sky Sport 4">Sky Sport 4</channel>
    <channel update="i" site="horizon.tv.at" site_id="687668263179" xmltv_id="Sky Sport 5">Sky Sport 5</channel>
    <channel update="i" site="horizon.tv.at" site_id="687668263180" xmltv_id="Sky Sport 6">Sky Sport 6</channel>
    <channel update="i" site="horizon.tv.at" site_id="687668263181" xmltv_id="Sky Sport 7">Sky Sport 7</channel>
    <channel update="i" site="horizon.tv.at" site_id="687668263185" xmltv_id="Sky Sport 8">Sky Sport 8</channel>
    <channel update="i" site="horizon.tv.at" site_id="687668263182" xmltv_id="Sky Sport 9">Sky Sport 9</channel>
    <channel update="i" site="horizon.tv.at" site_id="687668263183" xmltv_id="Sky Sport 10">Sky Sport 10</channel>
    <channel update="i" site="horizon.tv.at" site_id="687668263184" xmltv_id="Sky Sport 11">Sky Sport 11</channel>
    <channel update="i" site="horizon.tv.at" site_id="687667239435" xmltv_id="Sky Bundesliga 1">Sky Bundesliga 1</channel>
    <channel update="i" site="horizon.tv.at" site_id="687667239429" xmltv_id="Sky Bundesliga 2">Sky Bundesliga 2</channel>
    <channel update="i" site="horizon.tv.at" site_id="687667239279" xmltv_id="Sky Bundesliga 3">Sky Bundesliga 3</channel>
    <channel update="i" site="horizon.tv.at" site_id="687667239430" xmltv_id="Sky Bundesliga 4">Sky Bundesliga 4</channel>
    <channel update="i" site="horizon.tv.at" site_id="687667239431" xmltv_id="Sky Bundesliga 5">Sky Bundesliga 5</channel>
    <channel update="i" site="horizon.tv.at" site_id="687667239432" xmltv_id="Sky Bundesliga 6">Sky Bundesliga 6</channel>
    <channel update="i" site="horizon.tv.at" site_id="687667239436" xmltv_id="Sky Bundesliga 7">Sky Bundesliga 7</channel>
    <channel update="i" site="horizon.tv.at" site_id="687667239437" xmltv_id="Sky Bundesliga 8">Sky Bundesliga 8</channel>
    <channel update="i" site="horizon.tv.at" site_id="687667239438" xmltv_id="Sky Bundesliga 9">Sky Bundesliga 9</channel>
    <channel update="i" site="horizon.tv.at" site_id="687667239439" xmltv_id="Sky Bundesliga 10">Sky Bundesliga 10</channel>
  </channels>
</site>