﻿<?xml version="1.0" encoding="UTF-8"?>
<site generator-info-name="WebGrab+Plus version 1.0.9 -- Jan van Straaten" site="tvtid.tv2.dk">
  <channels>
    <channel update="i" site="tvtid.tv2.dk" site_id="11825154" xmltv_id="DR1">DR1</channel>
    <channel update="i" site="tvtid.tv2.dk" site_id="11823880" xmltv_id="TV 2">TV 2</channel>
    <channel update="i" site="tvtid.tv2.dk" site_id="11825539" xmltv_id="TV 2 NEWS">TV 2 NEWS</channel>
    <channel update="i" site="tvtid.tv2.dk" site_id="11823606" xmltv_id="DR2">DR2</channel>
    <channel update="i" site="tvtid.tv2.dk" site_id="11823578" xmltv_id="TV 2 Zulu">TV 2 Zulu</channel>
    <channel update="i" site="tvtid.tv2.dk" site_id="11827370" xmltv_id="TV 2 Charlie">TV 2 Charlie</channel>
    <channel update="i" site="tvtid.tv2.dk" site_id="11826003" xmltv_id="TV3">TV3</channel>
    <channel update="i" site="tvtid.tv2.dk" site_id="11824517" xmltv_id="TV3+">TV3+</channel>
    <channel update="i" site="tvtid.tv2.dk" site_id="11825338" xmltv_id="Kanal 5">Kanal 5</channel>
    <channel update="i" site="tvtid.tv2.dk" site_id="25995179" xmltv_id="DR Ramasjang">DR Ramasjang</channel>
    <channel update="i" site="tvtid.tv2.dk" site_id="11823363" xmltv_id="TV 2 Sport">TV 2 Sport</channel>
    <channel update="i" site="tvtid.tv2.dk" site_id="11825061" xmltv_id="Kanal 4">Kanal 4</channel>
    <channel update="i" site="tvtid.tv2.dk" site_id="21258658" xmltv_id="TV3 Puls">TV3 Puls</channel>
    <channel update="i" site="tvtid.tv2.dk" site_id="26005640" xmltv_id="DR HD">DR HD</channel>
    <channel update="i" site="tvtid.tv2.dk" site_id="11830859" xmltv_id="Discovery Channel">Discovery Channel</channel>
    <channel update="i" site="tvtid.tv2.dk" site_id="26000893" xmltv_id="DR K">DR K</channel>
    <channel update="i" site="tvtid.tv2.dk" site_id="11825921" xmltv_id="TV 2 Film">TV 2 Film</channel>
    <channel update="i" site="tvtid.tv2.dk" site_id="11855587" xmltv_id="Cartoon">Cartoon</channel>
    <channel update="i" site="tvtid.tv2.dk" site_id="11838196" xmltv_id="Animal Planet">Animal Planet</channel>
    <channel update="i" site="tvtid.tv2.dk" site_id="11841417" xmltv_id="DR Update">DR Update</channel>
    <channel update="i" site="tvtid.tv2.dk" site_id="11825959" xmltv_id="CANAL+ Action">CANAL+ Action</channel>
    <channel update="i" site="tvtid.tv2.dk" site_id="11826074" xmltv_id="CANAL+ Hits">CANAL+ Hits</channel>
    <channel update="i" site="tvtid.tv2.dk" site_id="11823357" xmltv_id="CANAL+ Sport 1">CANAL+ Sport 1</channel>
    <channel update="i" site="tvtid.tv2.dk" site_id="11823456" xmltv_id="CANAL+ Sport 2">CANAL+ Sport 2</channel>
    <channel update="i" site="tvtid.tv2.dk" site_id="11825994" xmltv_id="CANAL+ Emotion">CANAL+ Emotion</channel>
    <channel update="i" site="tvtid.tv2.dk" site_id="11826033" xmltv_id="CANAL+ First">CANAL+ First</channel>
    <channel update="i" site="tvtid.tv2.dk" site_id="11825968" xmltv_id="Canal+ First HD">Canal+ First HD</channel>
    <channel update="i" site="tvtid.tv2.dk" site_id="11831688" xmltv_id="Discovery World">Discovery World</channel>
    <channel update="i" site="tvtid.tv2.dk" site_id="14072213" xmltv_id="CANAL+ Sport Extra">CANAL+ Sport Extra</channel>
    <channel update="i" site="tvtid.tv2.dk" site_id="30456541" xmltv_id="CANAL+ Series">CANAL+ Series</channel>
    <channel update="i" site="tvtid.tv2.dk" site_id="11831699" xmltv_id="Discovery HD Showcase">Discovery HD Showcase</channel>
    <channel update="i" site="tvtid.tv2.dk" site_id="11848698" xmltv_id="Discovery Science">Discovery Science</channel>
    <channel update="i" site="tvtid.tv2.dk" site_id="11848851" xmltv_id="TLC">TLC</channel>
    <channel update="i" site="tvtid.tv2.dk" site_id="11833969" xmltv_id="Disney Channel sca.">Disney Channel sca.</channel>
    <channel update="i" site="tvtid.tv2.dk" site_id="11834079" xmltv_id="Disney Junior">Disney Junior</channel>
    <channel update="i" site="tvtid.tv2.dk" site_id="25073478" xmltv_id="Disney XD">Disney XD</channel>
    <channel update="i" site="tvtid.tv2.dk" site_id="11823344" xmltv_id="dk4">dk4</channel>
    <channel update="i" site="tvtid.tv2.dk" site_id="11792072" xmltv_id="Eurosport">Eurosport</channel>
    <channel update="i" site="tvtid.tv2.dk" site_id="25463809" xmltv_id="Eurosport 2">Eurosport 2</channel>
    <channel update="i" site="tvtid.tv2.dk" site_id="11831828" xmltv_id="MTV">MTV</channel>
    <channel update="i" site="tvtid.tv2.dk" site_id="11838366" xmltv_id="National Geographic Channel">National Geographic Channel</channel>
    <channel update="i" site="tvtid.tv2.dk" site_id="11833988" xmltv_id="Nickelodeon">Nickelodeon</channel>
    <channel update="i" site="tvtid.tv2.dk" site_id="11825990" xmltv_id="TCM">TCM</channel>
    <channel update="i" site="tvtid.tv2.dk" site_id="11825950" xmltv_id="Viasat Film">Viasat Film</channel>
    <channel update="i" site="tvtid.tv2.dk" site_id="11825939" xmltv_id="Viasat Film Action">Viasat Film Action</channel>
    <channel update="i" site="tvtid.tv2.dk" site_id="11826583" xmltv_id="Viasat Film Classic">Viasat Film Classic</channel>
    <channel update="i" site="tvtid.tv2.dk" site_id="11826017" xmltv_id="Viasat Film Family">Viasat Film Family</channel>
    <channel update="i" site="tvtid.tv2.dk" site_id="11826154" xmltv_id="Viasat Film Nordic">Viasat Film Nordic</channel>
    <channel update="i" site="tvtid.tv2.dk" site_id="11847897" xmltv_id="Vh1">Vh1</channel>
    <channel update="i" site="tvtid.tv2.dk" site_id="11830064" xmltv_id="Viasat Explorer">Viasat Explorer</channel>
    <channel update="i" site="tvtid.tv2.dk" site_id="11824844" xmltv_id="Viasat Golf">Viasat Golf</channel>
    <channel update="i" site="tvtid.tv2.dk" site_id="11826607" xmltv_id="Viasat Nature\/Crime">Viasat Nature\/Crime</channel>
    <channel update="i" site="tvtid.tv2.dk" site_id="11824091" xmltv_id="Viasat Motor">Viasat Motor</channel>
    <channel update="i" site="tvtid.tv2.dk" site_id="11823326" xmltv_id="Viasat Fotboll">Viasat Fotboll</channel>
    <channel update="i" site="tvtid.tv2.dk" site_id="14412627" xmltv_id="Viasat History">Viasat History</channel>
    <channel update="i" site="tvtid.tv2.dk" site_id="11847871" xmltv_id="Voice TV">Voice TV</channel>
    <channel update="i" site="tvtid.tv2.dk" site_id="11829985" xmltv_id="BBC Entertainment">BBC Entertainment</channel>
    <channel update="i" site="tvtid.tv2.dk" site_id="11823212" xmltv_id="BBC World">BBC World</channel>
    <channel update="i" site="tvtid.tv2.dk" site_id="25463040" xmltv_id="BBC Lifestyle">BBC Lifestyle</channel>
    <channel update="i" site="tvtid.tv2.dk" site_id="33889168" xmltv_id="TV6">TV6</channel>
    <channel update="i" site="tvtid.tv2.dk" site_id="11823367" xmltv_id="CNN">CNN</channel>
    <channel update="i" site="tvtid.tv2.dk" site_id="11826665" xmltv_id="TV5MONDE Europe">TV5MONDE Europe</channel>
    <channel update="i" site="tvtid.tv2.dk" site_id="11823572" xmltv_id="NRK1">NRK1</channel>
    <channel update="i" site="tvtid.tv2.dk" site_id="11823549" xmltv_id="NRK2">NRK2</channel>
    <channel update="i" site="tvtid.tv2.dk" site_id="11823555" xmltv_id="SVT1">SVT1</channel>
    <channel update="i" site="tvtid.tv2.dk" site_id="11824729" xmltv_id="SVT2">SVT2</channel>
    <channel update="i" site="tvtid.tv2.dk" site_id="11823516" xmltv_id="TV 2 Norge">TV 2 Norge</channel>
    <channel update="i" site="tvtid.tv2.dk" site_id="11826007" xmltv_id="TV3 Norge">TV3 Norge</channel>
    <channel update="i" site="tvtid.tv2.dk" site_id="11824581" xmltv_id="TV3 Sverige">TV3 Sverige</channel>
    <channel update="i" site="tvtid.tv2.dk" site_id="11823589" xmltv_id="TV4 Sverige">TV4 Sverige</channel>
    <channel update="i" site="tvtid.tv2.dk" site_id="11844487" xmltv_id="null,sortorder:76000,grouping:regionale">null,sortorder:76000,grouping:regionale</channel>
    <channel update="i" site="tvtid.tv2.dk" site_id="11870765" xmltv_id="Regional - TV 2\/Bornholm">Regional - TV 2\/Bornholm</channel>
    <channel update="i" site="tvtid.tv2.dk" site_id="11844550" xmltv_id="Regional - TV 2\/FYN">Regional - TV 2\/FYN</channel>
    <channel update="i" site="tvtid.tv2.dk" site_id="11844714" xmltv_id="Regional - TV 2\/Lorry">Regional - TV 2\/Lorry</channel>
    <channel update="i" site="tvtid.tv2.dk" site_id="21241626" xmltv_id="Eurosport HD">Eurosport HD</channel>
    <channel update="i" site="tvtid.tv2.dk" site_id="11870579" xmltv_id="Regional - TV\/MIDT-VEST">Regional - TV\/MIDT-VEST</channel>
    <channel update="i" site="tvtid.tv2.dk" site_id="11870837" xmltv_id="Regional - TV SYD">Regional - TV SYD</channel>
    <channel update="i" site="tvtid.tv2.dk" site_id="11844459" xmltv_id="Regional - TV2\/NORD">Regional - TV2\/NORD</channel>
    <channel update="i" site="tvtid.tv2.dk" site_id="11824064" xmltv_id="Kanal Hovedstaden">Kanal Hovedstaden</channel>
    <channel update="i" site="tvtid.tv2.dk" site_id="11823542" xmltv_id="ARD">ARD</channel>
    <channel update="i" site="tvtid.tv2.dk" site_id="26052441" xmltv_id="Kanal Fyn">Kanal Fyn</channel>
    <channel update="i" site="tvtid.tv2.dk" site_id="11826335" xmltv_id="Arte">Arte</channel>
    <channel update="i" site="tvtid.tv2.dk" site_id="11823300" xmltv_id="SPORT1">SPORT1</channel>
    <channel update="i" site="tvtid.tv2.dk" site_id="11823568" xmltv_id="NDR">NDR</channel>
    <channel update="i" site="tvtid.tv2.dk" site_id="21142149" xmltv_id="TV 2 Zebra Norge">TV 2 Zebra Norge</channel>
    <channel update="i" site="tvtid.tv2.dk" site_id="11825975" xmltv_id="ProSieben">ProSieben</channel>
    <channel update="i" site="tvtid.tv2.dk" site_id="22380940" xmltv_id="Sky News">Sky News</channel>
    <channel update="i" site="tvtid.tv2.dk" site_id="21444805" xmltv_id="Viasat Film Drama">Viasat Film Drama</channel>
    <channel update="i" site="tvtid.tv2.dk" site_id="21443747" xmltv_id="Showtime">Showtime</channel>
    <channel update="i" site="tvtid.tv2.dk" site_id="21276842" xmltv_id="Animal HD">Animal HD</channel>
    <channel update="i" site="tvtid.tv2.dk" site_id="21141564" xmltv_id="TV 2 Filmkanalen Norge">TV 2 Filmkanalen Norge</channel>
    <channel update="i" site="tvtid.tv2.dk" site_id="21118638" xmltv_id="Boomerang">Boomerang</channel>
    <channel update="i" site="tvtid.tv2.dk" site_id="20608023" xmltv_id="National Geographic Wild">National Geographic Wild</channel>
    <channel update="i" site="tvtid.tv2.dk" site_id="20608015" xmltv_id="National Geographic HD">National Geographic HD</channel>
    <channel update="i" site="tvtid.tv2.dk" site_id="20492976" xmltv_id="TV4 sport">TV4 sport</channel>
    <channel update="i" site="tvtid.tv2.dk" site_id="20492594" xmltv_id="TV4 Science Fiction">TV4 Science Fiction</channel>
    <channel update="i" site="tvtid.tv2.dk" site_id="20491909" xmltv_id="TV4 komedie">TV4 komedie</channel>
    <channel update="i" site="tvtid.tv2.dk" site_id="20491565" xmltv_id="TV4 guld">TV4 guld</channel>
    <channel update="i" site="tvtid.tv2.dk" site_id="20491347" xmltv_id="TV4 film">TV4 film</channel>
    <channel update="i" site="tvtid.tv2.dk" site_id="20434132" xmltv_id="TV4 fakta">TV4 fakta</channel>
    <channel update="i" site="tvtid.tv2.dk" site_id="20256041" xmltv_id="Viasat Sport Sverige">Viasat Sport Sverige</channel>
    <channel update="i" site="tvtid.tv2.dk" site_id="11825213" xmltv_id="RTL">RTL</channel>
    <channel update="i" site="tvtid.tv2.dk" site_id="11826040" xmltv_id="RTL II">RTL II</channel>
    <channel update="i" site="tvtid.tv2.dk" site_id="24274031" xmltv_id="TV 2 Sport HD">TV 2 Sport HD</channel>
    <channel update="i" site="tvtid.tv2.dk" site_id="25407294" xmltv_id="TNT7">TNT7</channel>
    <channel update="i" site="tvtid.tv2.dk" site_id="25081223" xmltv_id="TV1000 HD">TV1000 HD</channel>
    <channel update="i" site="tvtid.tv2.dk" site_id="23992243" xmltv_id="CANAL+ Sport HD">CANAL+ Sport HD</channel>
    <channel update="i" site="tvtid.tv2.dk" site_id="11826803" xmltv_id="SAT1">SAT1</channel>
    <channel update="i" site="tvtid.tv2.dk" site_id="11828008" xmltv_id="SuperRTL">SuperRTL</channel>
    <channel update="i" site="tvtid.tv2.dk" site_id="11826231" xmltv_id="VOX">VOX</channel>
    <channel update="i" site="tvtid.tv2.dk" site_id="11823545" xmltv_id="ZDF">ZDF</channel>
    <channel update="i" site="tvtid.tv2.dk" site_id="23992257" xmltv_id="CANAL9">CANAL9</channel>
    <channel update="i" site="tvtid.tv2.dk" site_id="25562965" xmltv_id="History Channel">History Channel</channel>
    <channel update="i" site="tvtid.tv2.dk" site_id="11826379" xmltv_id="3sat">3sat</channel>
    <channel update="i" site="tvtid.tv2.dk" site_id="26054357" xmltv_id="TV Nord Plus">TV Nord Plus</channel>
    <channel update="i" site="tvtid.tv2.dk" site_id="26054373" xmltv_id="Kanal Syd">Kanal Syd</channel>
    <channel update="i" site="tvtid.tv2.dk" site_id="26052432" xmltv_id="Kanal Bornholm">Kanal Bornholm</channel>
    <channel update="i" site="tvtid.tv2.dk" site_id="35750898" xmltv_id="CANAL+ Hits (Boxer)">CANAL+ Hits (Boxer)</channel>
    <channel update="i" site="tvtid.tv2.dk" site_id="31101409" xmltv_id="TV Horsens">TV Horsens</channel>
    <channel update="i" site="tvtid.tv2.dk" site_id="25462082" xmltv_id="BBC HD">BBC HD</channel>
    <channel update="i" site="tvtid.tv2.dk" site_id="25462529" xmltv_id="BBC Knowledge">BBC Knowledge</channel>
    <channel update="i" site="tvtid.tv2.dk" site_id="33727651" xmltv_id="TV 2 SPORT BARCLAYS PREMIER LEAGUE">TV 2 SPORT BARCLAYS PREMIER LEAGUE</channel>
    <channel update="i" site="tvtid.tv2.dk" site_id="33888845" xmltv_id="Discovery Investigation">Discovery Investigation</channel>
    <channel update="i" site="tvtid.tv2.dk" site_id="35254919" xmltv_id="FOLKETINGET">FOLKETINGET</channel>
  </channels>
</site>