﻿<?xml version="1.0" encoding="UTF-8"?>
<site generator-info-name="WebGrab+Plus/w MDB &amp; REX Postprocess -- version V1.56.8 -- Jan van Straaten" site="horizon.tv">
  <channels>
    <channel update="i" site="horizon.tv.fr" site_id="27909159185" xmltv_id="RTS Un HD">RTS Un HD</channel>
    <channel update="i" site="horizon.tv.fr" site_id="27909159395" xmltv_id="RTS Deux HD">RTS Deux HD</channel>
    <channel update="i" site="horizon.tv.fr" site_id="27909159278" xmltv_id="TF 1 HD">TF 1 HD</channel>
    <channel update="i" site="horizon.tv.fr" site_id="27909159274" xmltv_id="France 2 HD">France 2 HD</channel>
    <channel update="i" site="horizon.tv.fr" site_id="642229287307" xmltv_id="France 3">France 3</channel>
    <channel update="i" site="horizon.tv.fr" site_id="642229287324" xmltv_id="France 4">France 4</channel>
    <channel update="i" site="horizon.tv.fr" site_id="642229287325" xmltv_id="France 5">France 5</channel>
    <channel update="i" site="horizon.tv.fr" site_id="256616999390" xmltv_id="M6 HD">M6 HD</channel>
    <channel update="i" site="horizon.tv.fr" site_id="642229287321" xmltv_id="W9">W9</channel>
    <channel update="i" site="horizon.tv.fr" site_id="642229287304" xmltv_id="RTL 9 HD">RTL 9 HD</channel>
    <channel update="i" site="horizon.tv.fr" site_id="642229287320" xmltv_id="TMC Monte Carlo">TMC Monte Carlo</channel>
    <channel update="i" site="horizon.tv.fr" site_id="27909159210" xmltv_id="ARTE F HD">ARTE F HD</channel>
    <channel update="i" site="horizon.tv.fr" site_id="642229287303" xmltv_id="Rouge TV HD">Rouge TV HD</channel>
    <channel update="i" site="horizon.tv.fr" site_id="27909159310" xmltv_id="léman bleu">léman bleu</channel>
    <channel update="i" site="horizon.tv.fr" site_id="581740583442" xmltv_id="la télé HD">la télé HD</channel>
    <channel update="i" site="horizon.tv.fr" site_id="668884519369" xmltv_id="Canal 9 HD">Canal 9 HD</channel>
    <channel update="i" site="horizon.tv.fr" site_id="642229287311" xmltv_id="Canal Alpha HD">Canal Alpha HD</channel>
    <channel update="i" site="horizon.tv.fr" site_id="642109479240" xmltv_id="Canal Alpha JU HD">Canal Alpha JU HD</channel>
    <channel update="i" site="horizon.tv.fr" site_id="256616999392" xmltv_id="TeleBielingue">TeleBielingue</channel>
    <channel update="i" site="horizon.tv.fr" site_id="600131623405" xmltv_id="Be Curious TV HD">Be Curious TV HD</channel>
    <channel update="i" site="horizon.tv.fr" site_id="642229287310" xmltv_id="D8 HD">D8 HD</channel>
    <channel update="i" site="horizon.tv.fr" site_id="27909159236" xmltv_id="D17">D17</channel>
    <channel update="i" site="horizon.tv.fr" site_id="642109479227" xmltv_id="AB1 HD">AB1 HD</channel>
    <channel update="i" site="horizon.tv.fr" site_id="27909159438" xmltv_id="NT1">NT1</channel>
    <channel update="i" site="horizon.tv.fr" site_id="27909159187" xmltv_id="NRJ 12">NRJ 12</channel>
    <channel update="i" site="horizon.tv.fr" site_id="642109479239" xmltv_id="CANAL+ en clair HD">CANAL+ en clair HD</channel>
    <channel update="i" site="horizon.tv.fr" site_id="642229287309" xmltv_id="Eurosport France">Eurosport France</channel>
    <channel update="i" site="horizon.tv.fr" site_id="642229287318" xmltv_id="TV5MONDE FBS">TV5MONDE FBS</channel>
    <channel update="i" site="horizon.tv.fr" site_id="435751975360" xmltv_id="France Ô">France Ô</channel>
    <channel update="i" site="horizon.tv.fr" site_id="48323623165" xmltv_id="HD1">HD1</channel>
    <channel update="i" site="horizon.tv.fr" site_id="48323623162" xmltv_id="6ter">6ter</channel>
    <channel update="i" site="horizon.tv.fr" site_id="48323623161" xmltv_id="Numéro 23">Numéro 23</channel>
    <channel update="i" site="horizon.tv.fr" site_id="48323623164" xmltv_id="Chérie 25">Chérie 25</channel>
    <channel update="i" site="horizon.tv.fr" site_id="642229287316" xmltv_id="TV8 Mont-Blanc">TV8 Mont-Blanc</channel>
    <channel update="i" site="horizon.tv.fr" site_id="642229287308" xmltv_id="euronews f">euronews f</channel>
    <channel update="i" site="horizon.tv.fr" site_id="581742118952" xmltv_id="BFM TV HD">BFM TV HD</channel>
    <channel update="i" site="horizon.tv.fr" site_id="642109479207" xmltv_id="i&gt;TELE HD">i&gt;TELE HD</channel>
    <channel update="i" site="horizon.tv.fr" site_id="27909159193" xmltv_id="France 24">France 24</channel>
    <channel update="i" site="horizon.tv.fr" site_id="642109479208" xmltv_id="LCI HD">LCI HD</channel>
    <channel update="i" site="horizon.tv.fr" site_id="27909159190" xmltv_id="CANAL+ HD">CANAL+ HD</channel>
    <channel update="i" site="horizon.tv.fr" site_id="256616999365" xmltv_id="CANAL+ Cinéma HD">CANAL+ Cinéma HD</channel>
    <channel update="i" site="horizon.tv.fr" site_id="256616999394" xmltv_id="CANAL+ Décalé HD">CANAL+ Décalé HD</channel>
    <channel update="i" site="horizon.tv.fr" site_id="256616999383" xmltv_id="CANAL+ Sport HD">CANAL+ Sport HD</channel>
    <channel update="i" site="horizon.tv.fr" site_id="256616999379" xmltv_id="CANAL+ Family HD">CANAL+ Family HD</channel>
    <channel update="i" site="horizon.tv.fr" site_id="256616999402" xmltv_id="CANAL+ Series HD">CANAL+ Series HD</channel>
    <channel update="i" site="horizon.tv.fr" site_id="560248871279" xmltv_id="Ciné+ Premier HD">Ciné+ Premier HD</channel>
    <channel update="i" site="horizon.tv.fr" site_id="560248871291" xmltv_id="Ciné+ Emotion HD">Ciné+ Emotion HD</channel>
    <channel update="i" site="horizon.tv.fr" site_id="560248871288" xmltv_id="Ciné+ Frisson HD">Ciné+ Frisson HD</channel>
    <channel update="i" site="horizon.tv.fr" site_id="642109479218" xmltv_id="Ciné+ Club HD">Ciné+ Club HD</channel>
    <channel update="i" site="horizon.tv.fr" site_id="642109479222" xmltv_id="Ciné+ Famiz HD">Ciné+ Famiz HD</channel>
    <channel update="i" site="horizon.tv.fr" site_id="642109479220" xmltv_id="Ciné+ Classic HD">Ciné+ Classic HD</channel>
    <channel update="i" site="horizon.tv.fr" site_id="642109479224" xmltv_id="Télétoon+ HD">Télétoon+ HD</channel>
    <channel update="i" site="horizon.tv.fr" site_id="642109479204" xmltv_id="Piwi+ HD">Piwi+ HD</channel>
    <channel update="i" site="horizon.tv.fr" site_id="642109479238" xmltv_id="Comedie+ HD">Comedie+ HD</channel>
    <channel update="i" site="horizon.tv.fr" site_id="541614119272" xmltv_id="Syfy HD f">Syfy HD f</channel>
    <channel update="i" site="horizon.tv.fr" site_id="541614119264" xmltv_id="13ème Rue HD">13ème Rue HD</channel>
    <channel update="i" site="horizon.tv.fr" site_id="642109479235" xmltv_id="TV Breizh HD">TV Breizh HD</channel>
    <channel update="i" site="horizon.tv.fr" site_id="644643367450" xmltv_id="June HD">June HD</channel>
    <channel update="i" site="horizon.tv.fr" site_id="642109479241" xmltv_id="E! France HD">E! France HD</channel>
    <channel update="i" site="horizon.tv.fr" site_id="27909159277" xmltv_id="Vivolta">Vivolta</channel>
    <channel update="i" site="horizon.tv.fr" site_id="541751335229" xmltv_id="TCM Cinéma HD">TCM Cinéma HD</channel>
    <channel update="i" site="horizon.tv.fr" site_id="581740583447" xmltv_id="Paramount Channel HD">Paramount Channel HD</channel>
    <channel update="i" site="horizon.tv.fr" site_id="642109479236" xmltv_id="Ciné Polar HD">Ciné Polar HD</channel>
    <channel update="i" site="horizon.tv.fr" site_id="642109479221" xmltv_id="Ciné FX HD">Ciné FX HD</channel>
    <channel update="i" site="horizon.tv.fr" site_id="642109479228" xmltv_id="Action HD">Action HD</channel>
    <channel update="i" site="horizon.tv.fr" site_id="642229287312" xmltv_id="TVM3">TVM3</channel>
    <channel update="i" site="horizon.tv.fr" site_id="581740583448" xmltv_id="MTV France HD">MTV France HD</channel>
    <channel update="i" site="horizon.tv.fr" site_id="541614119265" xmltv_id="MTV Pulse HD">MTV Pulse HD</channel>
    <channel update="i" site="horizon.tv.fr" site_id="541614119260" xmltv_id="MTV Hits France HD">MTV Hits France HD</channel>
    <channel update="i" site="horizon.tv.fr" site_id="27909159307" xmltv_id="MTV Live HD">MTV Live HD</channel>
    <channel update="i" site="horizon.tv.fr" site_id="541614119261" xmltv_id="BET France HD">BET France HD</channel>
    <channel update="i" site="horizon.tv.fr" site_id="642109479225" xmltv_id="Trace Urban HD">Trace Urban HD</channel>
    <channel update="i" site="horizon.tv.fr" site_id="642109479217" xmltv_id="Game One HD">Game One HD</channel>
    <channel update="i" site="horizon.tv.fr" site_id="642109479223" xmltv_id="MCM France HD">MCM France HD</channel>
    <channel update="i" site="horizon.tv.fr" site_id="642109479209" xmltv_id="MCM Top HD">MCM Top HD</channel>
    <channel update="i" site="horizon.tv.fr" site_id="642109479216" xmltv_id="RFM TV HD">RFM TV HD</channel>
    <channel update="i" site="horizon.tv.fr" site_id="27909159366" xmltv_id="MTV Dance">MTV Dance</channel>
    <channel update="i" site="horizon.tv.fr" site_id="27909159422" xmltv_id="VH1-Classic">VH1-Classic</channel>
    <channel update="i" site="horizon.tv.fr" site_id="256616999371" xmltv_id="Mezzo Live HD">Mezzo Live HD</channel>
    <channel update="i" site="horizon.tv.fr" site_id="642229287315" xmltv_id="Mezzo">Mezzo</channel>
    <channel update="i" site="horizon.tv.fr" site_id="668884519370" xmltv_id="Classica HD">Classica HD</channel>
    <channel update="i" site="horizon.tv.fr" site_id="642109479211" xmltv_id="Animaux HD">Animaux HD</channel>
    <channel update="i" site="horizon.tv.fr" site_id="642109479215" xmltv_id="Trek HD">Trek HD</channel>
    <channel update="i" site="horizon.tv.fr" site_id="48323623160" xmltv_id="RMC Découverte">RMC Découverte</channel>
    <channel update="i" site="horizon.tv.fr" site_id="642109479226" xmltv_id="Planète+ HD">Planète+ HD</channel>
    <channel update="i" site="horizon.tv.fr" site_id="642109479234" xmltv_id="Planète+ Thalassa HD">Planète+ Thalassa HD</channel>
    <channel update="i" site="horizon.tv.fr" site_id="642109479230" xmltv_id="Planète+ A&amp;E HD">Planète+ A&amp;E HD</channel>
    <channel update="i" site="horizon.tv.fr" site_id="642109479231" xmltv_id="Planète+ CI HD">Planète+ CI HD</channel>
    <channel update="i" site="horizon.tv.fr" site_id="27909159212" xmltv_id="Nat Geo F HD">Nat Geo F HD</channel>
    <channel update="i" site="horizon.tv.fr" site_id="27909159345" xmltv_id="Nat Geo Wild France HD">Nat Geo Wild France HD</channel>
    <channel update="i" site="horizon.tv.fr" site_id="642109479219" xmltv_id="Histoire HD">Histoire HD</channel>
    <channel update="i" site="horizon.tv.fr" site_id="256616999382" xmltv_id="Voyage HD">Voyage HD</channel>
    <channel update="i" site="horizon.tv.fr" site_id="256616999397" xmltv_id="Discovery Science HD">Discovery Science HD</channel>
    <channel update="i" site="horizon.tv.fr" site_id="27909159149" xmltv_id="Discovery France HD">Discovery France HD</channel>
    <channel update="i" site="horizon.tv.fr" site_id="27909159370" xmltv_id="Ushuaia TV HD">Ushuaia TV HD</channel>
    <channel update="i" site="horizon.tv.fr" site_id="256616999385" xmltv_id="Montagne TV">Montagne TV</channel>
    <channel update="i" site="horizon.tv.fr" site_id="27909159189" xmltv_id="Disney Channel HD f">Disney Channel HD f</channel>
    <channel update="i" site="horizon.tv.fr" site_id="233503783055" xmltv_id="Disney Cinema HD f">Disney Cinema HD f</channel>
    <channel update="i" site="horizon.tv.fr" site_id="541614119257" xmltv_id="Disney Junior HD f">Disney Junior HD f</channel>
    <channel update="i" site="horizon.tv.fr" site_id="541614119259" xmltv_id="Disney XD HD f">Disney XD HD f</channel>
    <channel update="i" site="horizon.tv.fr" site_id="642229287323" xmltv_id="Gulli">Gulli</channel>
    <channel update="i" site="horizon.tv.fr" site_id="668884519385" xmltv_id="Cartoon Network F">Cartoon Network F</channel>
    <channel update="i" site="horizon.tv.fr" site_id="642109479206" xmltv_id="TiJi HD">TiJi HD</channel>
    <channel update="i" site="horizon.tv.fr" site_id="642109479237" xmltv_id="Canal J HD">Canal J HD</channel>
    <channel update="i" site="horizon.tv.fr" site_id="642109479205" xmltv_id="nickelodeon f HD">nickelodeon f HD</channel>
    <channel update="i" site="horizon.tv.fr" site_id="664570407180" xmltv_id="Nick Jr. France">Nick Jr. France</channel>
    <channel update="i" site="horizon.tv.fr" site_id="642109479242" xmltv_id="Boomerang France HD">Boomerang France HD</channel>
    <channel update="i" site="horizon.tv.fr" site_id="642109479233" xmltv_id="Boing France HD">Boing France HD</channel>
    <channel update="i" site="horizon.tv.fr" site_id="256616999403" xmltv_id="Mangas">Mangas</channel>
    <channel update="i" site="horizon.tv.fr" site_id="27909159440" xmltv_id="Eurosport F HD">Eurosport F HD</channel>
    <channel update="i" site="horizon.tv.fr" site_id="581742118973" xmltv_id="Eurosport 2 F HD">Eurosport 2 F HD</channel>
    <channel update="i" site="horizon.tv.fr" site_id="27909159146" xmltv_id="Ma Chaine Sport HD">Ma Chaine Sport HD</channel>
    <channel update="i" site="horizon.tv.fr" site_id="27909159292" xmltv_id="Trace Sports HD">Trace Sports HD</channel>
    <channel update="i" site="horizon.tv.fr" site_id="642109479210" xmltv_id="Infosport+ HD">Infosport+ HD</channel>
    <channel update="i" site="horizon.tv.fr" site_id="48323623163" xmltv_id="L'Equipe 21">L'Equipe 21</channel>
    <channel update="i" site="horizon.tv.fr" site_id="27909159365" xmltv_id="Motors TV">Motors TV</channel>
    <channel update="i" site="horizon.tv.fr" site_id="642229287302" xmltv_id="Seasons HD">Seasons HD</channel>
    <channel update="i" site="horizon.tv.fr" site_id="642109479212" xmltv_id="Equidia Live HD">Equidia Live HD</channel>
    <channel update="i" site="horizon.tv.fr" site_id="642109479214" xmltv_id="Equidia Life HD">Equidia Life HD</channel>
    <channel update="i" site="horizon.tv.fr" site_id="122150439046" xmltv_id="SPORT1 US HD">SPORT1 US HD</channel>
    <channel update="i" site="horizon.tv.fr" site_id="642109479213" xmltv_id="Golf Channel France HD">Golf Channel France HD</channel>
    <channel update="i" site="horizon.tv.fr" site_id="27909159348" xmltv_id="Extreme Sports">Extreme Sports</channel>
    <channel update="i" site="horizon.tv.fr" site_id="668884519383" xmltv_id="Nautical Channel HD">Nautical Channel HD</channel>
    <channel update="i" site="horizon.tv.fr" site_id="27909670954" xmltv_id="Adult Channel">Adult Channel</channel>
    <channel update="i" site="horizon.tv.fr" site_id="27909670955" xmltv_id="Blue Hustler">Blue Hustler</channel>
    <channel update="i" site="horizon.tv.fr" site_id="27909159280" xmltv_id="BBC One">BBC One</channel>
    <channel update="i" site="horizon.tv.fr" site_id="27909159281" xmltv_id="BBC One HD">BBC One HD</channel>
    <channel update="i" site="horizon.tv.fr" site_id="27909159305" xmltv_id="BBC Two HD">BBC Two HD</channel>
    <channel update="i" site="horizon.tv.fr" site_id="642229287314" xmltv_id="BBC Three/CBBC">BBC Three/CBBC</channel>
    <channel update="i" site="horizon.tv.fr" site_id="256616999387" xmltv_id="BBC Four/Cbeebies">BBC Four/Cbeebies</channel>
    <channel update="i" site="horizon.tv.fr" site_id="256616999364" xmltv_id="ITV HD">ITV HD</channel>
    <channel update="i" site="horizon.tv.fr" site_id="27909159384" xmltv_id="ITV 2">ITV 2</channel>
    <channel update="i" site="horizon.tv.fr" site_id="256616999367" xmltv_id="ITV 3">ITV 3</channel>
    <channel update="i" site="horizon.tv.fr" site_id="256616999373" xmltv_id="ITV 4">ITV 4</channel>
    <channel update="i" site="horizon.tv.fr" site_id="642229287313" xmltv_id="BBC entertainment">BBC entertainment</channel>
    <channel update="i" site="horizon.tv.fr" site_id="256616999381" xmltv_id="Channel 4 HD">Channel 4 HD</channel>
    <channel update="i" site="horizon.tv.fr" site_id="256616999372" xmltv_id="E4">E4</channel>
    <channel update="i" site="horizon.tv.fr" site_id="256616999374" xmltv_id="More 4">More 4</channel>
    <channel update="i" site="horizon.tv.fr" site_id="27909159237" xmltv_id="Film 4">Film 4</channel>
    <channel update="i" site="horizon.tv.fr" site_id="27909159180" xmltv_id="Channel 5">Channel 5</channel>
    <channel update="i" site="horizon.tv.fr" site_id="27909159297" xmltv_id="Fashion TV">Fashion TV</channel>
    <channel update="i" site="horizon.tv.fr" site_id="27909159304" xmltv_id="CNN Int.">CNN Int.</channel>
    <channel update="i" site="horizon.tv.fr" site_id="27909159298" xmltv_id="BBC World News">BBC World News</channel>
    <channel update="i" site="horizon.tv.fr" site_id="27909159264" xmltv_id="Al Jazeera English">Al Jazeera English</channel>
    <channel update="i" site="horizon.tv.fr" site_id="581740583439" xmltv_id="CCTV News">CCTV News</channel>
    <channel update="i" site="horizon.tv.fr" site_id="256616999376" xmltv_id="Russia Today">Russia Today</channel>
    <channel update="i" site="horizon.tv.fr" site_id="27909159261" xmltv_id="SkyNews">SkyNews</channel>
    <channel update="i" site="horizon.tv.fr" site_id="27909159231" xmltv_id="CNBC">CNBC</channel>
    <channel update="i" site="horizon.tv.fr" site_id="668884519368" xmltv_id="Bloomberg TV">Bloomberg TV</channel>
    <channel update="i" site="horizon.tv.fr" site_id="27909159188" xmltv_id="SRF 1 HD">SRF 1 HD</channel>
    <channel update="i" site="horizon.tv.fr" site_id="27909159201" xmltv_id="SRF zwei HD">SRF zwei HD</channel>
    <channel update="i" site="horizon.tv.fr" site_id="581742118955" xmltv_id="SRF info HD">SRF info HD</channel>
    <channel update="i" site="horizon.tv.fr" site_id="27909159156" xmltv_id="Das Erste HD">Das Erste HD</channel>
    <channel update="i" site="horizon.tv.fr" site_id="27909159181" xmltv_id="ZDF HD">ZDF HD</channel>
    <channel update="i" site="horizon.tv.fr" site_id="27909159338" xmltv_id="ORF eins HD">ORF eins HD</channel>
    <channel update="i" site="horizon.tv.fr" site_id="27909159347" xmltv_id="ORF 2 HD">ORF 2 HD</channel>
    <channel update="i" site="horizon.tv.fr" site_id="27909159240" xmltv_id="RTL">RTL</channel>
    <channel update="i" site="horizon.tv.fr" site_id="27909159270" xmltv_id="SAT.1">SAT.1</channel>
    <channel update="i" site="horizon.tv.fr" site_id="27909159327" xmltv_id="ProSieben">ProSieben</channel>
    <channel update="i" site="horizon.tv.fr" site_id="27909159178" xmltv_id="RTL 2">RTL 2</channel>
    <channel update="i" site="horizon.tv.fr" site_id="27909159263" xmltv_id="VOX">VOX</channel>
    <channel update="i" site="horizon.tv.fr" site_id="27909159150" xmltv_id="kabel eins">kabel eins</channel>
    <channel update="i" site="horizon.tv.fr" site_id="27909159336" xmltv_id="Super RTL">Super RTL</channel>
    <channel update="i" site="horizon.tv.fr" site_id="27909159392" xmltv_id="SPORT1">SPORT1</channel>
    <channel update="i" site="horizon.tv.fr" site_id="581740583440" xmltv_id="SSF">SSF</channel>
    <channel update="i" site="horizon.tv.fr" site_id="27909159330" xmltv_id="3sat HD">3sat HD</channel>
    <channel update="i" site="horizon.tv.fr" site_id="27909159360" xmltv_id="SWR BW HD">SWR BW HD</channel>
    <channel update="i" site="horizon.tv.fr" site_id="27909159183" xmltv_id="BR Süd HD">BR Süd HD</channel>
    <channel update="i" site="horizon.tv.fr" site_id="27909159194" xmltv_id="n-tv">n-tv</channel>
    <channel update="i" site="horizon.tv.fr" site_id="27909159218" xmltv_id="RSI LA 1 HD">RSI LA 1 HD</channel>
    <channel update="i" site="horizon.tv.fr" site_id="27909159251" xmltv_id="RSI LA 2 HD">RSI LA 2 HD</channel>
    <channel update="i" site="horizon.tv.fr" site_id="27909159249" xmltv_id="Rai 1">Rai 1</channel>
    <channel update="i" site="horizon.tv.fr" site_id="27909159425" xmltv_id="Rai 2">Rai 2</channel>
    <channel update="i" site="horizon.tv.fr" site_id="27909159329" xmltv_id="Rai 3">Rai 3</channel>
    <channel update="i" site="horizon.tv.fr" site_id="435751975362" xmltv_id="Canale 5 HD">Canale 5 HD</channel>
    <channel update="i" site="horizon.tv.fr" site_id="435751975352" xmltv_id="Italia 1 HD">Italia 1 HD</channel>
    <channel update="i" site="horizon.tv.fr" site_id="435751975345" xmltv_id="Rete 4 HD">Rete 4 HD</channel>
    <channel update="i" site="horizon.tv.fr" site_id="581740583441" xmltv_id="TeleTicino HD">TeleTicino HD</channel>
    <channel update="i" site="horizon.tv.fr" site_id="27909159390" xmltv_id="Rai 4">Rai 4</channel>
    <channel update="i" site="horizon.tv.fr" site_id="27909159433" xmltv_id="La 7">La 7</channel>
    <channel update="i" site="horizon.tv.fr" site_id="27909159203" xmltv_id="Rai Sport 1">Rai Sport 1</channel>
    <channel update="i" site="horizon.tv.fr" site_id="27909159441" xmltv_id="Eurosport I">Eurosport I</channel>
    <channel update="i" site="horizon.tv.fr" site_id="435751975346" xmltv_id="Nat Geo I">Nat Geo I</channel>
    <channel update="i" site="horizon.tv.fr" site_id="27909159226" xmltv_id="Rai News 24">Rai News 24</channel>
    <channel update="i" site="horizon.tv.fr" site_id="27909159382" xmltv_id="Video Italia">Video Italia</channel>
    <channel update="i" site="horizon.tv.fr" site_id="233503783051" xmltv_id="Mediaset Italia">Mediaset Italia</channel>
    <channel update="i" site="horizon.tv.fr" site_id="27909159314" xmltv_id="TRT-TÜRK">TRT-TÜRK</channel>
    <channel update="i" site="horizon.tv.fr" site_id="27909159427" xmltv_id="Euro D">Euro D</channel>
    <channel update="i" site="horizon.tv.fr" site_id="443691047116" xmltv_id="Show Türk">Show Türk</channel>
    <channel update="i" site="horizon.tv.fr" site_id="443691047117" xmltv_id="NTV Avrupa">NTV Avrupa</channel>
    <channel update="i" site="horizon.tv.fr" site_id="443691047118" xmltv_id="TGRT Haber">TGRT Haber</channel>
    <channel update="i" site="horizon.tv.fr" site_id="668884519376" xmltv_id="BVN TV">BVN TV</channel>
    <channel update="i" site="horizon.tv.fr" site_id="27909159259" xmltv_id="Al Jazeera">Al Jazeera</channel>
    <channel update="i" site="horizon.tv.fr" site_id="256616999377" xmltv_id="Al_Jazeera">Al_Jazeera</channel>
    <channel update="i" site="horizon.tv.fr" site_id="581742118966" xmltv_id="TC Cinema">TC Cinema</channel>
    <channel update="i" site="horizon.tv.fr" site_id="581740583449" xmltv_id="TC Star">TC Star</channel>
    <channel update="i" site="horizon.tv.fr" site_id="581742118953" xmltv_id="TC Prime">TC Prime</channel>
    <channel update="i" site="horizon.tv.fr" site_id="581742118951" xmltv_id="MGM">MGM</channel>
    <channel update="i" site="horizon.tv.fr" site_id="581742118954" xmltv_id="13th Street">13th Street</channel>
    <channel update="i" site="horizon.tv.fr" site_id="581742118967" xmltv_id="Sky Atlantic">Sky Atlantic</channel>
    <channel update="i" site="horizon.tv.fr" site_id="581742118960" xmltv_id="Fox">Fox</channel>
    <channel update="i" site="horizon.tv.fr" site_id="581742118959" xmltv_id="Krimi">Krimi</channel>
    <channel update="i" site="horizon.tv.fr" site_id="581742118968" xmltv_id="Discovery">Discovery</channel>
    <channel update="i" site="horizon.tv.fr" site_id="581742118969" xmltv_id="Romance TV">Romance TV</channel>
    <channel update="i" site="horizon.tv.fr" site_id="581742118972" xmltv_id="Animal Planet">Animal Planet</channel>
    <channel update="i" site="horizon.tv.fr" site_id="581740583443" xmltv_id="Disney Cinemagic">Disney Cinemagic</channel>
    <channel update="i" site="horizon.tv.fr" site_id="581742118956" xmltv_id="Spiegel Geschichte">Spiegel Geschichte</channel>
    <channel update="i" site="horizon.tv.fr" site_id="581740583444" xmltv_id="Disney XD">Disney XD</channel>
    <channel update="i" site="horizon.tv.fr" site_id="581742118961" xmltv_id="TC Sport 1">TC Sport 1</channel>
    <channel update="i" site="horizon.tv.fr" site_id="581740583445" xmltv_id="TC Sport 2">TC Sport 2</channel>
    <channel update="i" site="horizon.tv.fr" site_id="581742118970" xmltv_id="TC Sport 3">TC Sport 3</channel>
    <channel update="i" site="horizon.tv.fr" site_id="581740583438" xmltv_id="Hustler TV HD">Hustler TV HD</channel>
    <channel update="i" site="horizon.tv.fr" site_id="27909159428" xmltv_id="Private TV">Private TV</channel>
    <channel update="i" site="horizon.tv.fr" site_id="27909159250" xmltv_id="Dorcel TV">Dorcel TV</channel>
    <channel update="i" site="horizon.tv.fr" site_id="27909670958" xmltv_id="Horizon Welcome Channel">Horizon Welcome Channel</channel>
  </channels>
</site>