﻿<?xml version="1.0" encoding="UTF-8"?>
<site generator-info-name="WebGrab+Plus/w MDB Postprocess -- version 1.1.1/0 -- Jan van Straaten" site="sky.com.br">
  <channels>
	<channel update="i" site="sky.com.br" site_id="479" xmltv_id="TV TEM - SÃO JOSÉ DO RIO PRETO">TV TEM - SÃO JOSÉ DO RIO PRETO</channel>-->
    <channel update="i" site="sky.com.br" site_id="409" xmltv_id="SESCTV">SESCTV</channel>
    <channel update="i" site="sky.com.br" site_id="316" xmltv_id="GLOBO RJ">GLOBO RJ</channel>
    <channel update="i" site="sky.com.br" site_id="317" xmltv_id="GLOBO SP">GLOBO SP</channel>
    <channel update="i" site="sky.com.br" site_id="481" xmltv_id="TV TEM SOROCABA">TV TEM SOROCABA</channel>
    <channel update="i" site="sky.com.br" site_id="293" xmltv_id="EPTV - RIBEIRÃO PRETO">EPTV - RIBEIRÃO PRETO</channel>
    <channel update="i" site="sky.com.br" site_id="305" xmltv_id="FUTURA">FUTURA</channel>
    <channel update="i" site="sky.com.br" site_id="406" xmltv_id="SBT">SBT</channel>
    <channel update="i" site="sky.com.br" site_id="476" xmltv_id="TV LIBERAL BELEM">TV LIBERAL BELEM</channel>
    <channel update="i" site="sky.com.br" site_id="484" xmltv_id="TV VERDES MARES - FORTALEZA">TV VERDES MARES - FORTALEZA</channel>
    <channel update="i" site="sky.com.br" site_id="310" xmltv_id="GLOBO BAHIA">GLOBO BAHIA</channel>
    <channel update="i" site="sky.com.br" site_id="311" xmltv_id="GLOBO BH">GLOBO BH</channel>
    <channel update="i" site="sky.com.br" site_id="388" xmltv_id="RBS - RS">RBS - RS</channel>
    <channel update="i" site="sky.com.br" site_id="764" xmltv_id="RBS TV POA">RBS TV POA</channel>
    <channel update="i" site="sky.com.br" site_id="477" xmltv_id="TV NOVO TEMPO">TV NOVO TEMPO</channel>
    <channel update="i" site="sky.com.br" site_id="391" xmltv_id="REDE BANDEIRANTES">REDE BANDEIRANTES</channel>
    <channel update="i" site="sky.com.br" site_id="350" xmltv_id="MEGA TV">MEGA TV</channel>
    <channel update="i" site="sky.com.br" site_id="483" xmltv_id="TV VANGUARDA - S. JOSÉ DOS CAMPOS">TV VANGUARDA - S. JOSÉ DOS CAMPOS</channel>
    <channel update="i" site="sky.com.br" site_id="482" xmltv_id="TV TRIBUNA - SANTOS">TV TRIBUNA - SANTOS</channel>
    <channel update="i" site="sky.com.br" site_id="414" xmltv_id="SHOPTIME">SHOPTIME</channel>
    <channel update="i" site="sky.com.br" site_id="395" xmltv_id="REDE VIDA">REDE VIDA</channel>
    <channel update="i" site="sky.com.br" site_id="376" xmltv_id="POLISHOP">POLISHOP</channel>
    <channel update="i" site="sky.com.br" site_id="394" xmltv_id="REDE TV">REDE TV</channel>
    <channel update="i" site="sky.com.br" site_id="247" xmltv_id="BOA VONTADE TV">BOA VONTADE TV</channel>
    <channel update="i" site="sky.com.br" site_id="257" xmltv_id="CANÇÃO NOVA">CANÇÃO NOVA</channel>
    <channel update="i" site="sky.com.br" site_id="243" xmltv_id="BANDSPORTS">BANDSPORTS</channel>
    <channel update="i" site="sky.com.br" site_id="296" xmltv_id="ESPN">ESPN</channel>
    <channel update="i" site="sky.com.br" site_id="297" xmltv_id="ESPN BRASIL">ESPN BRASIL</channel>
    <channel update="i" site="sky.com.br" site_id="308" xmltv_id="GLITZ">GLITZ</channel>
    <channel update="i" site="sky.com.br" site_id="302" xmltv_id="FOX LIFE">FOX LIFE</channel>
    <channel update="i" site="sky.com.br" site_id="291" xmltv_id="E!">E!</channel>
    <channel update="i" site="sky.com.br" site_id="342" xmltv_id="LIV">LIV</channel>
    <channel update="i" site="sky.com.br" site_id="287" xmltv_id="DISCOVERY TRAVEL &amp; LIVING">DISCOVERY TRAVEL &amp; LIVING</channel>
    <channel update="i" site="sky.com.br" site_id="283" xmltv_id="DISCOVERY HOME &amp; HEALTH">DISCOVERY HOME &amp; HEALTH</channel>
    <channel update="i" site="sky.com.br" site_id="491" xmltv_id="VIVA">VIVA</channel>
    <channel update="i" site="sky.com.br" site_id="444" xmltv_id="SPORTV 2">SPORTV 2</channel>
    <channel update="i" site="sky.com.br" site_id="443" xmltv_id="SPORTV">SPORTV</channel>
    <channel update="i" site="sky.com.br" site_id="314" xmltv_id="GLOBO NEWS">GLOBO NEWS</channel>
    <channel update="i" site="sky.com.br" site_id="319" xmltv_id="GNT">GNT</channel>
    <channel update="i" site="sky.com.br" site_id="361" xmltv_id="MULTISHOW">MULTISHOW</channel>
    <channel update="i" site="sky.com.br" site_id="486" xmltv_id="UNIVERSAL CHANNEL">UNIVERSAL CHANNEL</channel>
    <channel update="i" site="sky.com.br" site_id="461" xmltv_id="THE WARNER CHANNEL">THE WARNER CHANNEL</channel>
    <channel update="i" site="sky.com.br" site_id="301" xmltv_id="FOX">FOX</channel>
    <channel update="i" site="sky.com.br" site_id="447" xmltv_id="SYFY">SYFY</channel>
    <channel update="i" site="sky.com.br" site_id="306" xmltv_id="FX">FX</channel>
    <channel update="i" site="sky.com.br" site_id="237" xmltv_id="AXN">AXN</channel>
    <channel update="i" site="sky.com.br" site_id="436" xmltv_id="SONY">SONY</channel>
    <channel update="i" site="sky.com.br" site_id="230" xmltv_id="A&amp;E">A&amp;E</channel>
    <channel update="i" site="sky.com.br" site_id="367" xmltv_id="NATIONAL GEOGRAPHIC">NATIONAL GEOGRAPHIC</channel>
    <channel update="i" site="sky.com.br" site_id="282" xmltv_id="DISCOVERY CHANNEL">DISCOVERY CHANNEL</channel>
    <channel update="i" site="sky.com.br" site_id="231" xmltv_id="ANIMAL PLANET">ANIMAL PLANET</channel>
    <channel update="i" site="sky.com.br" site_id="466" xmltv_id="TRU TV">TRU TV</channel>
    <channel update="i" site="sky.com.br" site_id="329" xmltv_id="HISTORY CHANNEL">HISTORY CHANNEL</channel>
    <channel update="i" site="sky.com.br" site_id="274" xmltv_id="CINEMAX">CINEMAX</channel>
    <channel update="i" site="sky.com.br" site_id="446" xmltv_id="STUDIO UNIVERSAL">STUDIO UNIVERSAL</channel>
    <channel update="i" site="sky.com.br" site_id="439" xmltv_id="SPACE">SPACE</channel>
    <channel update="i" site="sky.com.br" site_id="351" xmltv_id="MEGAPIX">MEGAPIX</channel>
    <channel update="i" site="sky.com.br" site_id="462" xmltv_id="TNT">TNT</channel>
    <channel update="i" site="sky.com.br" site_id="455" xmltv_id="TELECINE PREMIUM">TELECINE PREMIUM</channel>
    <channel update="i" site="sky.com.br" site_id="449" xmltv_id="TELECINE ACTION">TELECINE ACTION</channel>
    <channel update="i" site="sky.com.br" site_id="457" xmltv_id="TELECINE TOUCH">TELECINE TOUCH</channel>
    <channel update="i" site="sky.com.br" site_id="453" xmltv_id="TELECINE PIPOCA">TELECINE PIPOCA</channel>
    <channel update="i" site="sky.com.br" site_id="452" xmltv_id="TELECINE FUN">TELECINE FUN</channel>
    <channel update="i" site="sky.com.br" site_id="253" xmltv_id="CANAL BRASIL">CANAL BRASIL</channel>
    <channel update="i" site="sky.com.br" site_id="352" xmltv_id="MGM">MGM</channel>
    <channel update="i" site="sky.com.br" site_id="451" xmltv_id="TELECINE CULT">TELECINE CULT</channel>
    <channel update="i" site="sky.com.br" site_id="535" xmltv_id="CINE SKY">CINE SKY</channel>
    <channel update="i" site="sky.com.br" site_id="448" xmltv_id="TCM">TCM</channel>
    <channel update="i" site="sky.com.br" site_id="321" xmltv_id="HBO">HBO</channel>
    <channel update="i" site="sky.com.br" site_id="327" xmltv_id="HBO2">HBO2</channel>
    <channel update="i" site="sky.com.br" site_id="325" xmltv_id="HBO PLUS">HBO PLUS</channel>
    <channel update="i" site="sky.com.br" site_id="326" xmltv_id="HBO PLUS*e">HBO PLUS*e</channel>
    <channel update="i" site="sky.com.br" site_id="322" xmltv_id="HBO FAMILY">HBO FAMILY</channel>
    <channel update="i" site="sky.com.br" site_id="323" xmltv_id="HBO Signature">HBO Signature</channel>
    <channel update="i" site="sky.com.br" site_id="347" xmltv_id="MAX HD">MAX HD</channel>
    <channel update="i" site="sky.com.br" site_id="345" xmltv_id="MAX">MAX</channel>
    <channel update="i" site="sky.com.br" site_id="348" xmltv_id="MAXPRIME">MAXPRIME</channel>
    <channel update="i" site="sky.com.br" site_id="349" xmltv_id="MAXPRIME*e">MAXPRIME*e</channel>
    <channel update="i" site="sky.com.br" site_id="438" xmltv_id="SONY SPIN">SONY SPIN</channel>
    <channel update="i" site="sky.com.br" site_id="488" xmltv_id="VH1">VH1</channel>
    <channel update="i" site="sky.com.br" site_id="490" xmltv_id="Comedy Central">Comedy Central</channel>
    <channel update="i" site="sky.com.br" site_id="374" xmltv_id="PLAY TV">PLAY TV</channel>
    <channel update="i" site="sky.com.br" site_id="312" xmltv_id="Disney Channel">Disney Channel</channel>
    <channel update="i" site="sky.com.br" site_id="284" xmltv_id="DISCOVERY KIDS">DISCOVERY KIDS</channel>
    <channel update="i" site="sky.com.br" site_id="259" xmltv_id="CARTOON NETWORK">CARTOON NETWORK</channel>
    <channel update="i" site="sky.com.br" site_id="248" xmltv_id="BOOMERANG">BOOMERANG</channel>
    <channel update="i" site="sky.com.br" site_id="370" xmltv_id="NICKELODEON">NICKELODEON</channel>
    <channel update="i" site="sky.com.br" site_id="290" xmltv_id="DISNEY XD">DISNEY XD</channel>
    <channel update="i" site="sky.com.br" site_id="379" xmltv_id="RÁ TIM BUM">RÁ TIM BUM</channel>
    <channel update="i" site="sky.com.br" site_id="459" xmltv_id="THE GOLF CHANNEL">THE GOLF CHANNEL</channel>
    <channel update="i" site="sky.com.br" site_id="245" xmltv_id="BLOOMBERG">BLOOMBERG</channel>
    <channel update="i" site="sky.com.br" site_id="241" xmltv_id="BANDNEWS">BANDNEWS</channel>
    <channel update="i" site="sky.com.br" site_id="244" xmltv_id="BBC WORLD NEWS">BBC WORLD NEWS</channel>
    <channel update="i" site="sky.com.br" site_id="276" xmltv_id="CNN INTERNATIONAL">CNN INTERNATIONAL</channel>
    <channel update="i" site="sky.com.br" site_id="275" xmltv_id="CLIMATEMPO">CLIMATEMPO</channel>
    <channel update="i" site="sky.com.br" site_id="458" xmltv_id="TERRA VIVA">TERRA VIVA</channel>
    <channel update="i" site="sky.com.br" site_id="255" xmltv_id="CANAL RURAL">CANAL RURAL</channel>
    <channel update="i" site="sky.com.br" site_id="387" xmltv_id="RAI">RAI</channel>
    <channel update="i" site="sky.com.br" site_id="415" xmltv_id="SIC">SIC</channel>
    <channel update="i" site="sky.com.br" site_id="485" xmltv_id="TV5MONDE">TV5MONDE</channel>
    <channel update="i" site="sky.com.br" site_id="473" xmltv_id="TV ESPANHA">TV ESPANHA</channel>
    <channel update="i" site="sky.com.br" site_id="280" xmltv_id="DEUTSCHE WELLE">DEUTSCHE WELLE</channel>
    <channel update="i" site="sky.com.br" site_id="369" xmltv_id="NHK">NHK</channel>
    <channel update="i" site="sky.com.br" site_id="472" xmltv_id="TV ESCOLA">TV ESCOLA</channel>
    <channel update="i" site="sky.com.br" site_id="470" xmltv_id="TV CÂMARA">TV CÂMARA</channel>
    <channel update="i" site="sky.com.br" site_id="471" xmltv_id="TV CULTURA">TV CULTURA</channel>
    <channel update="i" site="sky.com.br" site_id="469" xmltv_id="TV BRASIL">TV BRASIL</channel>
    <channel update="i" site="sky.com.br" site_id="475" xmltv_id="TV JUSTIÇA">TV JUSTIÇA</channel>
    <channel update="i" site="sky.com.br" site_id="478" xmltv_id="TV SENADO">TV SENADO</channel>
    <channel update="i" site="sky.com.br" site_id="377" xmltv_id="PREMIERE 24H">PREMIERE 24H</channel>
    <channel update="i" site="sky.com.br" site_id="278" xmltv_id="COMBATE">COMBATE</channel>
    <channel update="i" site="sky.com.br" site_id="976" xmltv_id="SKY HD">SKY HD</channel>
    <channel update="i" site="sky.com.br" site_id="497" xmltv_id="Multishow">Multishow</channel>
    <channel update="i" site="sky.com.br" site_id="368" xmltv_id="NBR">NBR</channel>
    <channel update="i" site="sky.com.br" site_id="412" xmltv_id="SEXY HOT">SEXY HOT</channel>
    <channel update="i" site="sky.com.br" site_id="375" xmltv_id="PLAYBOY TV">PLAYBOY TV</channel>
    <channel update="i" site="sky.com.br" site_id="330" xmltv_id="HUSTLER TV">HUSTLER TV</channel>
    <channel update="i" site="sky.com.br" site_id="410" xmltv_id="SEX ZONE">SEX ZONE</channel>
    <channel update="i" site="sky.com.br" site_id="411" xmltv_id="SEX ZONE HD">SEX ZONE HD</channel>
    <channel update="i" site="sky.com.br" site_id="494" xmltv_id="BBB12">BBB12</channel>
    <channel update="i" site="sky.com.br" site_id="924" xmltv_id="FOXSPORTS HD">FOXSPORTS HD</channel>
    <channel update="i" site="sky.com.br" site_id="298" xmltv_id="ESPN HD">ESPN HD</channel>
    <channel update="i" site="sky.com.br" site_id="286" xmltv_id="DISCOVERY TLC HD">DISCOVERY TLC HD</channel>
    <channel update="i" site="sky.com.br" site_id="416" xmltv_id="Canal OFF">Canal OFF</channel>
    <channel update="i" site="sky.com.br" site_id="318" xmltv_id="GLOBOSAT HD">GLOBOSAT HD</channel>
    <channel update="i" site="sky.com.br" site_id="362" xmltv_id="MULTISHOW HD">MULTISHOW HD</channel>
    <channel update="i" site="sky.com.br" site_id="492" xmltv_id="WARNER HD">WARNER HD</channel>
    <channel update="i" site="sky.com.br" site_id="303" xmltv_id="FOX NatGeo HD">FOX NatGeo HD</channel>
    <channel update="i" site="sky.com.br" site_id="238" xmltv_id="AXN HD">AXN HD</channel>
    <channel update="i" site="sky.com.br" site_id="437" xmltv_id="SONY HD">SONY HD</channel>
    <channel update="i" site="sky.com.br" site_id="990" xmltv_id="BIO.HD">BIO.HD</channel>
    <channel update="i" site="sky.com.br" site_id="365" xmltv_id="Nat Geo Wild HD">Nat Geo Wild HD</channel>
    <channel update="i" site="sky.com.br" site_id="496" xmltv_id="NatGeo Wild HD">NatGeo Wild HD</channel>
    <channel update="i" site="sky.com.br" site_id="285" xmltv_id="Discovery Theater HD">Discovery Theater HD</channel>
    <channel update="i" site="sky.com.br" site_id="467" xmltv_id="TruTV HD">TruTV HD</channel>
    <channel update="i" site="sky.com.br" site_id="460" xmltv_id="The History Channel HD">The History Channel HD</channel>
    <channel update="i" site="sky.com.br" site_id="440" xmltv_id="SPACE HD">SPACE HD</channel>
    <channel update="i" site="sky.com.br" site_id="463" xmltv_id="TNT HD">TNT HD</channel>
    <channel update="i" site="sky.com.br" site_id="456" xmltv_id="TELECINE PREMIUM HD">TELECINE PREMIUM HD</channel>
    <channel update="i" site="sky.com.br" site_id="450" xmltv_id="TELECINE ACTION HD">TELECINE ACTION HD</channel>
    <channel update="i" site="sky.com.br" site_id="454" xmltv_id="TELECINE PIPOCA HD">TELECINE PIPOCA HD</channel>
    <channel update="i" site="sky.com.br" site_id="353" xmltv_id="MGM HD">MGM HD</channel>
    <channel update="i" site="sky.com.br" site_id="324" xmltv_id="HBO HD">HBO HD</channel>
    <channel update="i" site="sky.com.br" site_id="346" xmltv_id="MAX  HD">MAX  HD</channel>
    <channel update="i" site="sky.com.br" site_id="489" xmltv_id="VH1 HD">VH1 HD</channel>
    <channel update="i" site="sky.com.br" site_id="289" xmltv_id="DISNEY CHANNEL HD">DISNEY CHANNEL HD</channel>
    <channel update="i" site="sky.com.br" site_id="371" xmltv_id="NICKELODEON HD">NICKELODEON HD</channel>
    <channel update="i" site="sky.com.br" site_id="242" xmltv_id="BANDNEWS HD">BANDNEWS HD</channel>
    <channel update="i" site="sky.com.br" site_id="420" xmltv_id="PFC HD">PFC HD</channel>
    <channel update="i" site="sky.com.br" site_id="279" xmltv_id="CULTURA SP">CULTURA SP</channel>
    <channel update="i" site="sky.com.br" site_id="407" xmltv_id="SBT SP">SBT SP</channel>
    <channel update="i" site="sky.com.br" site_id="474" xmltv_id="TV GLOBO SP">TV GLOBO SP</channel>
    <channel update="i" site="sky.com.br" site_id="389" xmltv_id="RECORD SP">RECORD SP</channel>
    <channel update="i" site="sky.com.br" site_id="396" xmltv_id="REDETV SP">REDETV SP</channel>
    <channel update="i" site="sky.com.br" site_id="307" xmltv_id="GAZETA SP">GAZETA SP</channel>
    <channel update="i" site="sky.com.br" site_id="240" xmltv_id="BAND SP">BAND SP</channel>
    <channel update="i" site="sky.com.br" site_id="260" xmltv_id="CBI">CBI</channel>
    <channel update="i" site="sky.com.br" site_id="256" xmltv_id="CANAL 21">CANAL 21</channel>
    <channel update="i" site="sky.com.br" site_id="392" xmltv_id="REDE CBN - SP">REDE CBN - SP</channel>
    <channel update="i" site="sky.com.br" site_id="384" xmltv_id="RÁDIO CLUBE DO PARÁ - PA">RÁDIO CLUBE DO PARÁ - PA</channel>
    <channel update="i" site="sky.com.br" site_id="309" xmltv_id="GLOBO AM - SP">GLOBO AM - SP</channel>
    <channel update="i" site="sky.com.br" site_id="313" xmltv_id="GLOBO FM - RJ">GLOBO FM - RJ</channel>
    <channel update="i" site="sky.com.br" site_id="337" xmltv_id="JOVEM PAN AM - SP">JOVEM PAN AM - SP</channel>
    <channel update="i" site="sky.com.br" site_id="338" xmltv_id="JOVEM PAN FM - SP">JOVEM PAN FM - SP</channel>
    <channel update="i" site="sky.com.br" site_id="385" xmltv_id="Rádio Gaúcha">Rádio Gaúcha</channel>
    <channel update="i" site="sky.com.br" site_id="398" xmltv_id="RFI - FRANÇA">RFI - FRANÇA</channel>
    <channel update="i" site="sky.com.br" site_id="386" xmltv_id="Rádio Multishow">Rádio Multishow</channel>
    <channel update="i" site="sky.com.br" site_id="464" xmltv_id="TRANSAMÉRICA POP - SP">TRANSAMÉRICA POP - SP</channel>
    <channel update="i" site="sky.com.br" site_id="382" xmltv_id="RÁDIO - ITATIAIA AM/FM">RÁDIO - ITATIAIA AM/FM</channel>
    <channel update="i" site="sky.com.br" site_id="383" xmltv_id="RÁDIO - VERDES MARES">RÁDIO - VERDES MARES</channel>
    <channel update="i" site="sky.com.br" site_id="380" xmltv_id="RÁDIO - CLUBE 105.5 FM">RÁDIO - CLUBE 105.5 FM</channel>
    <channel update="i" site="sky.com.br" site_id="339" xmltv_id="Kids">Kids</channel>
    <channel update="i" site="sky.com.br" site_id="359" xmltv_id="MPB">MPB</channel>
    <channel update="i" site="sky.com.br" site_id="249" xmltv_id="Bossa Nova">Bossa Nova</channel>
    <channel update="i" site="sky.com.br" site_id="300" xmltv_id="FORRÓ">FORRÓ</channel>
    <channel update="i" site="sky.com.br" site_id="373" xmltv_id="Pagode">Pagode</channel>
    <channel update="i" site="sky.com.br" site_id="236" xmltv_id="Axe">Axe</channel>
    <channel update="i" site="sky.com.br" site_id="408" xmltv_id="Sertanejo">Sertanejo</channel>
    <channel update="i" site="sky.com.br" site_id="281" xmltv_id="Disco">Disco</channel>
    <channel update="i" site="sky.com.br" site_id="402" xmltv_id="Rock Clássico">Rock Clássico</channel>
    <channel update="i" site="sky.com.br" site_id="343" xmltv_id="Lounge">Lounge</channel>
    <channel update="i" site="sky.com.br" site_id="401" xmltv_id="Rock">Rock</channel>
    <channel update="i" site="sky.com.br" site_id="234" xmltv_id="Anos 80">Anos 80</channel>
    <channel update="i" site="sky.com.br" site_id="364" xmltv_id="Música Eletrônica">Música Eletrônica</channel>
    <channel update="i" site="sky.com.br" site_id="299" xmltv_id="Festa">Festa</channel>
    <channel update="i" site="sky.com.br" site_id="366" xmltv_id="Natal">Natal</channel>
    <channel update="i" site="sky.com.br" site_id="232" xmltv_id="Anos 60">Anos 60</channel>
    <channel update="i" site="sky.com.br" site_id="233" xmltv_id="Anos 70">Anos 70</channel>
    <channel update="i" site="sky.com.br" site_id="235" xmltv_id="Anos 90">Anos 90</channel>
    <channel update="i" site="sky.com.br" site_id="445" xmltv_id="Standards">Standards</channel>
    <channel update="i" site="sky.com.br" site_id="397" xmltv_id="Reggae Music">Reggae Music</channel>
    <channel update="i" site="sky.com.br" site_id="399" xmltv_id="Rhythm &amp; Blues">Rhythm &amp; Blues</channel>
    <channel update="i" site="sky.com.br" site_id="246" xmltv_id="Blues">Blues</channel>
    <channel update="i" site="sky.com.br" site_id="239" xmltv_id="Baladas">Baladas</channel>
    <channel update="i" site="sky.com.br" site_id="328" xmltv_id="Hip Hop">Hip Hop</channel>
    <channel update="i" site="sky.com.br" site_id="341" xmltv_id="Latino">Latino</channel>
    <channel update="i" site="sky.com.br" site_id="320" xmltv_id="Gospel">Gospel</channel>
    <channel update="i" site="sky.com.br" site_id="465" xmltv_id="Trilhas Sonoras">Trilhas Sonoras</channel>
    <channel update="i" site="sky.com.br" site_id="405" xmltv_id="Samba de Raiz">Samba de Raiz</channel>
    <channel update="i" site="sky.com.br" site_id="335" xmltv_id="Jazz Clássico">Jazz Clássico</channel>
    <channel update="i" site="sky.com.br" site_id="336" xmltv_id="Jazz Contemp.">Jazz Contemp.</channel>
    <channel update="i" site="sky.com.br" site_id="292" xmltv_id="Easy Listening">Easy Listening</channel>
    <channel update="i" site="sky.com.br" site_id="363" xmltv_id="Música Clássica">Música Clássica</channel>
    <channel update="i" site="sky.com.br" site_id="597" xmltv_id="null">null</channel>
    <channel update="i" site="sky.com.br" site_id="498" xmltv_id="BBB 12">BBB 12</channel>
    <channel update="i" site="sky.com.br" site_id="442" xmltv_id="SPFC">SPFC</channel>
    <channel update="i" site="sky.com.br" site_id="495" xmltv_id="NBA LEAGUE PASS">NBA LEAGUE PASS</channel>
    <channel update="i" site="sky.com.br" site_id="505" xmltv_id="SKY On Line">SKY On Line</channel>
    <channel update="i" site="sky.com.br" site_id="522" xmltv_id="SKY">SKY</channel>
    <channel update="i" site="sky.com.br" site_id="480" xmltv_id="TV TEM BAURU">TV TEM BAURU</channel>
    <channel update="i" site="sky.com.br" site_id="403" xmltv_id="RPC CURITIBA">RPC CURITIBA</channel>
    <channel update="i" site="sky.com.br" site_id="468" xmltv_id="TV ANHANGUERA">TV ANHANGUERA</channel>
    <channel update="i" site="sky.com.br" site_id="400" xmltv_id="RIT">RIT</channel>
    <channel update="i" site="sky.com.br" site_id="393" xmltv_id="REDE RECORD">REDE RECORD</channel>
    <channel update="i" site="sky.com.br" site_id="413" xmltv_id="SHOPBUY">SHOPBUY</channel>
    <channel update="i" site="sky.com.br" site_id="294" xmltv_id="EPTV CAMPINAS">EPTV CAMPINAS</channel>
    <channel update="i" site="sky.com.br" site_id="315" xmltv_id="GLOBO RECIFE">GLOBO RECIFE</channel>
  </channels>
</site>