﻿<?xml version="1.0" encoding="UTF-8"?>
<site generator-info-name="WebGrab+Plus/w MDB &amp; REX Postprocess -- version 1.1.1/55.27 -- Jan van Straaten" site="buscadorcablevision.com.ar">
  <channels>
    <channel update="i" site="buscadorcablevision.com.ar" site_id="2332" xmltv_id="Canal de la Ciudad (Solo Capital)">Canal de la Ciudad (Solo Capital)</channel>
    <channel update="i" site="buscadorcablevision.com.ar" site_id="2263" xmltv_id="Metro">Metro</channel>
    <channel update="i" site="buscadorcablevision.com.ar" site_id="343" xmltv_id="A 24">A 24</channel>
    <channel update="i" site="buscadorcablevision.com.ar" site_id="709" xmltv_id="C5N">C5N</channel>
    <channel update="i" site="buscadorcablevision.com.ar" site_id="192" xmltv_id="Crónica TV">Crónica TV</channel>
    <channel update="i" site="buscadorcablevision.com.ar" site_id="3" xmltv_id="26 TV">26 TV</channel>
    <channel update="i" site="buscadorcablevision.com.ar" site_id="36" xmltv_id="Todo Noticias">Todo Noticias</channel>
    <channel update="i" site="buscadorcablevision.com.ar" site_id="175" xmltv_id="América 2">América 2</channel>
    <channel update="i" site="buscadorcablevision.com.ar" site_id="35" xmltv_id="Telefe">Telefe</channel>
    <channel update="i" site="buscadorcablevision.com.ar" site_id="292" xmltv_id="Tv Pública">Tv Pública</channel>
    <channel update="i" site="buscadorcablevision.com.ar" site_id="6" xmltv_id="Canal 13">Canal 13</channel>
    <channel update="i" site="buscadorcablevision.com.ar" site_id="96" xmltv_id="Canal 9">Canal 9</channel>
    <channel update="i" site="buscadorcablevision.com.ar" site_id="477" xmltv_id="Encuentro">Encuentro</channel>
    <channel update="i" site="buscadorcablevision.com.ar" site_id="26" xmltv_id="Magazine">Magazine</channel>
    <channel update="i" site="buscadorcablevision.com.ar" site_id="40" xmltv_id="T y C Sports">T y C Sports</channel>
    <channel update="i" site="buscadorcablevision.com.ar" site_id="229" xmltv_id="ESPN 2">ESPN 2</channel>
    <channel update="i" site="buscadorcablevision.com.ar" site_id="18" xmltv_id="ESPN">ESPN</channel>
    <channel update="i" site="buscadorcablevision.com.ar" site_id="223" xmltv_id="Fox Sports">Fox Sports</channel>
    <channel update="i" site="buscadorcablevision.com.ar" site_id="978" xmltv_id="Fox Sports 2">Fox Sports 2</channel>
    <channel update="i" site="buscadorcablevision.com.ar" site_id="358" xmltv_id="El Garage">El Garage</channel>
    <channel update="i" site="buscadorcablevision.com.ar" site_id="1492" xmltv_id="PAKA-PAKA">PAKA-PAKA</channel>
    <channel update="i" site="buscadorcablevision.com.ar" site_id="136" xmltv_id="Disney Channel">Disney Channel</channel>
    <channel update="i" site="buscadorcablevision.com.ar" site_id="60" xmltv_id="Nickelodeon">Nickelodeon</channel>
    <channel update="i" site="buscadorcablevision.com.ar" site_id="226" xmltv_id="Cartoon Network">Cartoon Network</channel>
    <channel update="i" site="buscadorcablevision.com.ar" site_id="325" xmltv_id="Disney XD">Disney XD</channel>
    <channel update="i" site="buscadorcablevision.com.ar" site_id="76" xmltv_id="Discovery Kids">Discovery Kids</channel>
    <channel update="i" site="buscadorcablevision.com.ar" site_id="756" xmltv_id="Disney Jrs">Disney Jrs</channel>
    <channel update="i" site="buscadorcablevision.com.ar" site_id="174" xmltv_id="Boomerang">Boomerang</channel>
    <channel update="i" site="buscadorcablevision.com.ar" site_id="1605" xmltv_id="Incaa TV">Incaa TV</channel>
    <channel update="i" site="buscadorcablevision.com.ar" site_id="2292" xmltv_id="Cinemax">Cinemax</channel>
    <channel update="i" site="buscadorcablevision.com.ar" site_id="98" xmltv_id="The Film Zone">The Film Zone</channel>
    <channel update="i" site="buscadorcablevision.com.ar" site_id="45" xmltv_id="Volver">Volver</channel>
    <channel update="i" site="buscadorcablevision.com.ar" site_id="33" xmltv_id="Space">Space</channel>
    <channel update="i" site="buscadorcablevision.com.ar" site_id="15" xmltv_id="Cinecanal Este">Cinecanal Este</channel>
    <channel update="i" site="buscadorcablevision.com.ar" site_id="37" xmltv_id="TNT">TNT</channel>
    <channel update="i" site="buscadorcablevision.com.ar" site_id="22" xmltv_id="I-Sat">I-Sat</channel>
    <channel update="i" site="buscadorcablevision.com.ar" site_id="353" xmltv_id="FX">FX</channel>
    <channel update="i" site="buscadorcablevision.com.ar" site_id="19" xmltv_id="Fox">Fox</channel>
    <channel update="i" site="buscadorcablevision.com.ar" site_id="32" xmltv_id="Sony">Sony</channel>
    <channel update="i" site="buscadorcablevision.com.ar" site_id="46" xmltv_id="Warner Channel">Warner Channel</channel>
    <channel update="i" site="buscadorcablevision.com.ar" site_id="327" xmltv_id="Universal Channel">Universal Channel</channel>
    <channel update="i" site="buscadorcablevision.com.ar" site_id="100" xmltv_id="AXN">AXN</channel>
    <channel update="i" site="buscadorcablevision.com.ar" site_id="167" xmltv_id="A &amp; E">A &amp; E</channel>
    <channel update="i" site="buscadorcablevision.com.ar" site_id="111" xmltv_id="ID Investigación Discovery">ID Investigación Discovery</channel>
    <channel update="i" site="buscadorcablevision.com.ar" site_id="328" xmltv_id="TCM">TCM</channel>
    <channel update="i" site="buscadorcablevision.com.ar" site_id="97" xmltv_id="Amc">Amc</channel>
    <channel update="i" site="buscadorcablevision.com.ar" site_id="2999" xmltv_id="TNT SERIES">TNT SERIES</channel>
    <channel update="i" site="buscadorcablevision.com.ar" site_id="1967" xmltv_id="TBS">TBS</channel>
    <channel update="i" site="buscadorcablevision.com.ar" site_id="11" xmltv_id="Canal Rural">Canal Rural</channel>
    <channel update="i" site="buscadorcablevision.com.ar" site_id="366" xmltv_id="Fox Life">Fox Life</channel>
    <channel update="i" site="buscadorcablevision.com.ar" site_id="125" xmltv_id="Gourmet.com">Gourmet.com</channel>
    <channel update="i" site="buscadorcablevision.com.ar" site_id="50" xmltv_id="E! Entertainment Television">E! Entertainment Television</channel>
    <channel update="i" site="buscadorcablevision.com.ar" site_id="340" xmltv_id="Discovery Home &amp; Health">Discovery Home &amp; Health</channel>
    <channel update="i" site="buscadorcablevision.com.ar" site_id="164" xmltv_id="National Geographic">National Geographic</channel>
    <channel update="i" site="buscadorcablevision.com.ar" site_id="17" xmltv_id="Discovery Channel">Discovery Channel</channel>
    <channel update="i" site="buscadorcablevision.com.ar" site_id="1623" xmltv_id="Animal Planet">Animal Planet</channel>
    <channel update="i" site="buscadorcablevision.com.ar" site_id="178" xmltv_id="The History Channel">The History Channel</channel>
    <channel update="i" site="buscadorcablevision.com.ar" site_id="912" xmltv_id="TRU TV">TRU TV</channel>
    <channel update="i" site="buscadorcablevision.com.ar" site_id="58" xmltv_id="Canal a">Canal a</channel>
    <channel update="i" site="buscadorcablevision.com.ar" site_id="63" xmltv_id="Film &amp; Arts">Film &amp; Arts</channel>
    <channel update="i" site="buscadorcablevision.com.ar" site_id="1624" xmltv_id="Travel &amp; Living Channel">Travel &amp; Living Channel</channel>
    <channel update="i" site="buscadorcablevision.com.ar" site_id="25" xmltv_id="MTV">MTV</channel>
    <channel update="i" site="buscadorcablevision.com.ar" site_id="230" xmltv_id="CM Musical">CM Musical</channel>
    <channel update="i" site="buscadorcablevision.com.ar" site_id="779" xmltv_id="Quiero... Musica en mi Idioma">Quiero... Musica en mi Idioma</channel>
    <channel update="i" site="buscadorcablevision.com.ar" site_id="388" xmltv_id="Telesur">Telesur</channel>
    <channel update="i" site="buscadorcablevision.com.ar" site_id="62" xmltv_id="CNN en español">CNN en español</channel>
    <channel update="i" site="buscadorcablevision.com.ar" site_id="29" xmltv_id="La Rai">La Rai</channel>
    <channel update="i" site="buscadorcablevision.com.ar" site_id="59" xmltv_id="TV España">TV España</channel>
    <channel update="i" site="buscadorcablevision.com.ar" site_id="9" xmltv_id="El Canal de las Estrellas">El Canal de las Estrellas</channel>
  </channels>
</site>